date,vlsfo_singapore_usd_mt,baltic_p3a_usd_day,ffa_30d_paper_usd_mt,aus_paradip_freight_usd_mt,usg_vizag_freight_usd_mt,indo_haldia_freight_usd_mt
2021-01-01,552.48,18110.49,16.87,16.38,29.91,11.82
2021-01-02,552.62,17941.22,16.34,16.39,30.02,11.97
2021-01-03,556.68,18397.26,16.54,16.55,30.34,11.67
2021-01-04,565.13,18475.86,16.04,16.19,30.15,11.83
2021-01-05,564.78,18583.72,16.94,16.61,31.0,12.26
2021-01-06,564.44,18863.81,17.36,16.77,29.2,12.44
2021-01-07,573.16,19024.99,16.94,16.81,31.71,12.71
2021-01-08,577.82,19365.97,16.17,16.14,30.73,11.7
2021-01-09,576.3,19540.23,17.08,17.07,30.95,12.37
2021-01-10,579.84,19489.35,17.21,17.93,32.59,12.45
2021-01-11,578.35,19681.69,17.16,16.94,31.06,12.03
2021-01-12,576.84,19497.41,16.75,16.71,30.46,11.97
2021-01-13,578.88,19625.87,17.35,17.22,31.99,12.71
2021-01-14,570.13,19718.52,16.88,17.09,30.45,12.12
2021-01-15,562.33,19767.05,17.23,17.34,31.41,12.73
2021-01-16,560.34,19835.05,16.23,16.35,31.18,11.77
2021-01-17,556.1,19464.27,17.28,16.97,30.84,12.17
2021-01-18,558.49,19426.28,16.83,16.94,32.09,12.27
2021-01-19,554.77,19548.18,17.25,16.63,30.98,11.86
2021-01-20,548.53,19686.28,16.9,16.77,29.94,11.95
2021-01-21,556.68,19526.93,16.74,17.12,32.05,11.82
2021-01-22,556.37,19940.32,17.14,17.18,31.71,12.29
2021-01-23,557.53,19820.11,16.16,16.35,29.98,11.63
2021-01-24,551.22,20158.15,16.49,17.14,31.86,12.19
2021-01-25,549.31,20359.94,17.3,16.82,31.41,12.24
2021-01-26,550.68,20292.66,17.09,16.88,31.65,12.35
2021-01-27,545.74,20830.02,17.12,16.96,32.09,12.28
2021-01-28,548.43,20624.37,16.9,16.85,31.42,12.43
2021-01-29,546.24,20946.13,17.04,17.45,31.46,12.74
2021-01-30,545.59,21287.41,16.89,17.04,31.23,12.18
2021-01-31,543.4,21210.04,16.82,16.57,32.41,11.79
2021-02-01,553.47,21647.56,16.82,17.14,32.14,12.43
2021-02-02,554.21,21673.55,16.63,17.39,33.59,12.69
2021-02-03,549.72,21833.29,17.72,17.79,33.74,13.23
2021-02-04,554.64,21984.99,17.61,17.66,32.81,13.07
2021-02-05,549.34,22037.04,17.05,17.01,31.65,12.09
2021-02-06,551.19,22324.35,18.68,18.46,34.13,13.26
2021-02-07,542.19,22606.31,17.71,17.52,31.37,12.82
2021-02-08,536.35,22251.7,17.81,17.73,32.81,13.09
2021-02-09,538.13,22659.23,17.67,17.31,32.75,12.74
2021-02-10,542.62,22323.94,17.09,17.55,32.11,12.62
2021-02-11,544.27,22661.28,17.95,17.8,33.17,12.44
2021-02-12,544.48,23021.0,18.25,18.06,33.92,12.7
2021-02-13,543.77,22825.13,17.56,17.93,32.62,12.99
2021-02-14,537.17,22798.09,17.29,17.75,32.56,12.88
2021-02-15,534.36,22596.11,16.94,17.17,31.15,12.03
2021-02-16,532.84,22615.58,16.85,17.05,31.05,12.29
2021-02-17,538.91,22610.5,17.73,17.5,31.6,12.79
2021-02-18,541.41,22876.06,17.67,17.86,32.5,12.51
2021-02-19,533.38,23272.97,17.14,17.39,33.03,12.85
2021-02-20,535.78,23689.89,17.89,18.07,32.88,12.9
2021-02-21,534.63,23616.0,18.52,18.19,33.72,13.47
2021-02-22,532.02,23628.98,17.21,17.2,31.52,12.23
2021-02-23,535.85,23272.01,17.13,17.18,32.5,12.06
2021-02-24,541.78,23133.03,17.48,17.51,33.18,12.47
2021-02-25,547.2,23435.3,18.25,17.86,33.56,12.83
2021-02-26,543.77,23898.81,17.39,17.62,32.77,12.57
2021-02-27,542.99,23648.38,18.67,18.28,33.68,13.1
2021-02-28,545.41,23556.93,17.98,17.92,32.43,13.0
2021-03-01,551.05,23605.5,17.82,17.86,34.21,12.81
2021-03-02,549.41,23729.2,18.04,17.29,31.52,12.43
2021-03-03,549.24,23578.94,16.97,17.29,32.38,11.93
2021-03-04,544.46,23735.54,17.79,17.9,33.75,13.01
2021-03-05,539.23,23666.11,16.47,16.84,30.81,12.09
2021-03-06,544.04,23709.95,18.46,18.18,34.25,13.57
2021-03-07,551.57,23892.38,18.38,17.88,33.53,12.59
2021-03-08,551.95,23938.25,19.76,19.26,36.66,13.32
2021-03-09,557.71,23871.81,19.32,18.95,34.78,13.83
2021-03-10,560.26,23885.43,17.94,18.0,32.52,13.06
2021-03-11,557.77,23902.72,17.89,17.99,32.99,12.65
2021-03-12,560.31,23847.95,17.96,18.46,34.27,12.83
2021-03-13,568.73,23819.32,19.47,18.86,34.92,14.04
2021-03-14,569.28,24253.37,17.8,17.66,32.44,13.14
2021-03-15,577.83,24426.31,17.63,17.78,31.75,12.06
2021-03-16,565.46,24383.46,18.45,18.05,33.67,12.86
2021-03-17,570.29,24587.02,18.37,18.66,35.71,13.94
2021-03-18,571.44,24531.17,18.75,18.63,34.74,13.27
2021-03-19,570.66,24850.33,18.89,18.94,35.41,13.49
2021-03-20,571.83,24966.9,18.28,18.09,33.81,12.94
2021-03-21,562.6,24962.5,17.48,17.5,32.62,12.26
2021-03-22,562.21,25095.12,18.37,18.8,35.35,13.03
2021-03-23,564.69,24721.34,18.08,18.06,33.64,13.32
2021-03-24,572.78,24456.83,17.94,17.62,32.41,12.13
2021-03-25,570.89,24173.77,18.36,18.37,33.51,13.3
2021-03-26,567.54,24223.18,18.83,18.6,34.26,13.66
2021-03-27,565.72,24668.2,18.02,18.34,34.11,12.77
2021-03-28,570.99,25236.16,18.44,18.45,33.95,13.01
2021-03-29,573.31,25404.03,18.47,18.66,34.7,13.8
2021-03-30,571.35,25535.82,18.81,18.58,34.64,13.54
2021-03-31,574.59,25090.36,18.12,18.11,34.0,12.85
2021-04-01,575.75,24957.72,18.54,18.34,34.69,13.56
2021-04-02,581.27,24762.01,19.18,18.86,34.93,13.94
2021-04-03,578.42,24606.27,18.89,18.69,33.79,13.54
2021-04-04,577.45,24561.92,18.68,18.6,34.2,13.12
2021-04-05,576.15,24439.8,17.78,18.08,33.47,12.89
2021-04-06,569.49,23939.11,18.15,18.15,32.48,13.15
2021-04-07,571.62,24118.44,17.28,17.44,33.1,12.5
2021-04-08,573.58,23840.83,18.22,18.33,33.99,13.48
2021-04-09,574.25,23889.45,18.74,18.85,35.11,13.11
2021-04-10,573.72,24395.02,17.54,17.83,33.81,12.39
2021-04-11,567.29,24150.45,17.43,18.02,32.96,13.03
2021-04-12,565.82,23501.39,17.97,18.17,33.96,12.93
2021-04-13,564.74,23411.65,18.55,18.5,34.15,13.13
2021-04-14,561.36,23666.91,17.44,17.84,32.9,12.32
2021-04-15,561.18,24134.77,17.89,17.88,32.62,12.88
2021-04-16,563.82,23803.91,17.88,17.31,33.02,12.45
2021-04-17,573.87,23902.89,18.63,18.32,33.67,13.39
2021-04-18,575.35,23759.64,19.57,19.08,35.71,13.75
2021-04-19,577.25,23704.52,18.5,18.38,32.88,13.19
2021-04-20,577.48,24335.27,18.8,18.45,34.85,13.64
2021-04-21,568.49,23927.49,18.12,18.33,34.55,12.81
2021-04-22,568.96,23957.21,18.02,18.22,33.76,13.28
2021-04-23,569.86,24038.73,17.11,17.93,33.04,12.41
2021-04-24,582.76,24273.11,19.21,18.85,35.12,13.32
2021-04-25,582.39,24258.88,19.07,18.6,35.79,13.03
2021-04-26,584.48,24295.53,18.4,18.56,33.28,13.6
2021-04-27,584.88,24155.61,18.05,18.13,34.01,13.03
2021-04-28,579.61,24179.28,18.74,18.97,34.55,13.65
2021-04-29,585.9,24048.25,18.88,18.77,34.71,13.18
2021-04-30,590.22,24156.82,18.72,18.38,33.85,13.14
2021-05-01,594.74,24016.02,18.5,19.03,34.94,13.47
2021-05-02,590.75,24060.33,18.5,18.38,34.0,13.35
2021-05-03,598.32,24001.5,18.28,18.36,33.29,12.92
2021-05-04,591.86,24229.96,18.38,18.34,34.55,13.61
2021-05-05,595.34,24162.54,18.11,17.97,32.17,12.44
2021-05-06,606.83,23663.21,18.83,18.89,35.27,13.36
2021-05-07,602.42,23921.13,17.95,17.98,33.07,13.45
2021-05-08,600.12,23635.66,18.04,18.1,32.78,12.9
2021-05-09,601.14,23411.74,18.0,17.71,32.89,12.36
2021-05-10,599.15,23200.91,18.54,18.41,33.13,13.32
2021-05-11,591.91,23481.18,18.43,18.36,34.0,13.08
2021-05-12,592.77,22882.54,17.74,18.13,32.68,12.8
2021-05-13,587.97,23600.87,17.87,17.98,33.54,12.62
2021-05-14,590.84,23797.42,18.3,18.03,32.81,13.81
2021-05-15,586.75,23784.42,18.63,18.62,34.18,13.33
2021-05-16,594.99,23700.58,18.51,18.31,34.06,12.61
2021-05-17,591.57,23700.55,19.14,18.61,33.97,13.85
2021-05-18,590.45,23758.13,18.44,18.13,33.51,13.24
2021-05-19,595.0,23845.49,18.68,18.65,33.6,13.2
2021-05-20,589.32,23909.21,18.88,19.03,35.59,13.42
2021-05-21,590.93,23855.21,17.99,18.75,35.76,13.71
2021-05-22,597.94,23728.3,18.37,18.42,35.76,13.19
2021-05-23,590.36,23611.74,18.44,18.54,34.36,12.77
2021-05-24,591.74,23483.13,18.44,18.32,34.37,13.73
2021-05-25,593.5,23685.57,18.47,18.51,33.18,13.2
2021-05-26,597.86,23751.87,18.37,18.46,35.06,13.74
2021-05-27,592.12,22933.61,17.66,18.2,34.13,13.48
2021-05-28,585.96,23013.37,18.0,18.28,33.52,12.86
2021-05-29,589.0,22976.83,17.97,17.83,33.73,13.15
2021-05-30,590.92,22885.93,18.34,17.82,32.82,12.64
2021-05-31,592.59,22701.62,17.61,17.64,32.37,12.14
2021-06-01,594.75,22894.51,17.75,17.65,32.94,12.58
2021-06-02,591.76,23042.35,18.09,17.8,32.3,12.94
2021-06-03,593.33,22759.19,18.05,18.29,34.45,13.03
2021-06-04,595.21,22770.15,18.01,17.9,32.49,12.8
2021-06-05,592.04,22435.6,18.09,18.32,33.26,13.53
2021-06-06,601.76,21998.25,18.4,18.14,33.01,13.09
2021-06-07,604.52,21748.35,17.35,17.3,32.47,12.21
2021-06-08,598.95,21869.96,18.4,18.31,33.5,13.39
2021-06-09,602.61,22013.54,18.23,18.47,33.36,13.36
2021-06-10,598.12,22046.4,17.9,17.69,32.36,11.98
2021-06-11,602.42,22131.6,18.97,18.34,33.92,13.34
2021-06-12,608.58,22163.93,17.63,17.94,32.47,13.03
2021-06-13,604.84,21906.23,18.08,18.18,32.95,13.1
2021-06-14,610.01,21916.29,17.79,17.72,34.05,13.03
2021-06-15,612.42,22017.93,17.81,17.57,32.0,12.45
2021-06-16,616.88,22107.51,18.06,18.23,33.54,13.23
2021-06-17,626.7,22305.25,17.69,18.54,34.08,12.88
2021-06-18,625.81,22382.37,18.85,18.44,33.87,13.4
2021-06-19,622.37,22369.84,18.3,18.07,33.81,13.6
2021-06-20,618.25,22536.57,17.85,18.37,34.56,12.93
2021-06-21,614.49,22428.76,18.37,18.55,34.14,13.13
2021-06-22,614.42,22106.77,18.8,18.33,33.17,12.98
2021-06-23,616.43,21964.16,18.84,18.41,34.82,13.29
2021-06-24,618.12,21675.81,18.29,18.01,33.25,12.65
2021-06-25,622.55,21404.63,18.68,18.73,35.69,13.61
2021-06-26,622.91,21265.89,17.78,17.75,31.5,13.04
2021-06-27,630.46,20964.97,18.4,18.44,34.23,13.44
2021-06-28,629.42,20785.01,18.99,18.65,35.65,12.9
2021-06-29,643.3,20208.5,18.14,18.4,33.84,13.55
2021-06-30,646.7,20158.61,17.93,18.17,33.47,13.36
2021-07-01,642.68,20055.63,18.25,17.95,33.38,13.17
2021-07-02,637.59,19748.03,18.39,18.4,33.71,13.36
2021-07-03,640.25,19809.5,17.89,17.48,32.15,12.65
2021-07-04,639.38,19940.57,17.48,17.68,32.51,13.04
2021-07-05,643.2,19435.41,17.8,17.82,32.59,13.41
2021-07-06,645.8,19141.53,18.15,18.42,34.82,12.98
2021-07-07,645.67,18846.16,17.99,17.99,33.56,13.28
2021-07-08,641.67,18508.24,16.85,17.29,32.14,12.42
2021-07-09,634.31,18612.84,17.33,17.47,32.81,12.54
2021-07-10,632.3,18461.82,16.85,17.28,31.8,11.98
2021-07-11,636.79,18293.35,17.46,17.26,31.46,12.34
2021-07-12,638.07,17690.31,17.98,17.77,32.51,12.49
2021-07-13,632.04,17747.39,16.24,16.76,31.0,11.93
2021-07-14,633.1,17336.11,18.24,17.84,32.37,12.52
2021-07-15,635.22,17249.99,18.28,17.53,32.14,12.49
2021-07-16,630.98,17218.62,17.58,17.57,32.19,12.53
2021-07-17,631.93,17458.47,16.84,17.03,32.78,12.29
2021-07-18,632.39,17031.4,17.88,17.04,29.85,11.78
2021-07-19,626.84,16177.13,15.79,16.18,29.83,11.22
2021-07-20,628.79,16124.2,16.57,16.56,31.67,12.03
2021-07-21,631.75,16475.97,17.17,17.12,31.74,12.08
2021-07-22,637.32,16687.91,17.99,17.58,32.98,12.98
2021-07-23,642.73,16643.11,16.8,16.69,30.94,12.09
2021-07-24,635.98,16423.61,16.67,16.82,30.72,12.29
2021-07-25,631.43,16529.45,16.58,16.87,29.86,12.57
2021-07-26,634.13,16190.8,16.21,16.31,30.3,11.65
2021-07-27,636.82,16215.32,16.85,17.15,31.27,12.18
2021-07-28,639.51,16247.85,16.69,16.68,30.37,12.27
2021-07-29,658.89,16419.83,17.06,17.23,31.58,12.56
2021-07-30,661.84,17017.46,16.9,17.35,33.15,12.44
2021-07-31,667.62,17024.09,17.68,17.31,33.46,12.88
2021-08-01,672.49,16806.22,17.48,17.63,32.74,12.63
2021-08-02,675.83,16710.07,17.18,17.56,32.21,12.66
2021-08-03,674.34,16178.93,17.27,17.32,31.34,12.48
2021-08-04,678.21,15917.31,17.18,17.16,32.02,12.07
2021-08-05,674.42,15727.99,16.94,17.46,33.38,12.6
2021-08-06,673.3,15510.95,18.01,17.91,32.99,13.32
2021-08-07,670.93,15464.01,16.94,17.26,30.5,12.56
2021-08-08,671.39,15174.41,18.03,17.52,32.82,12.62
2021-08-09,683.01,15371.71,16.96,16.8,31.67,12.05
2021-08-10,673.72,15289.89,17.14,17.26,30.97,12.52
2021-08-11,677.19,15206.78,16.56,16.78,31.15,12.31
2021-08-12,669.16,15045.15,16.43,16.46,30.72,12.03
2021-08-13,666.82,15005.44,16.89,16.71,30.87,11.93
2021-08-14,672.29,15134.37,17.59,17.6,32.09,12.77
2021-08-15,672.62,14841.44,17.36,17.42,32.84,12.69
2021-08-16,667.24,14601.97,17.0,16.99,31.18,11.93
2021-08-17,663.67,14452.34,16.0,16.18,29.04,11.7
2021-08-18,667.06,14043.43,16.54,16.64,29.56,11.33
2021-08-19,663.4,13767.46,16.08,16.7,31.66,12.17
2021-08-20,664.47,13578.54,16.9,16.61,31.1,12.16
2021-08-21,664.68,13728.6,15.94,15.85,29.38,11.64
2021-08-22,661.4,13727.05,15.95,16.18,29.67,11.53
2021-08-23,672.09,13709.61,17.24,16.67,30.52,12.09
2021-08-24,675.22,13857.89,17.03,17.0,30.8,12.67
2021-08-25,665.05,13760.49,15.41,15.73,28.83,11.75
2021-08-26,665.93,13796.48,16.82,16.56,29.37,11.92
2021-08-27,662.57,13710.48,16.73,16.61,30.28,12.0
2021-08-28,666.77,13718.08,17.08,16.96,31.18,12.54
2021-08-29,662.74,13515.13,16.65,16.77,31.4,11.63
2021-08-30,662.1,12849.65,16.65,16.52,30.54,11.8
2021-08-31,664.55,12761.81,15.9,15.98,30.03,11.9
2021-09-01,668.79,13064.75,15.85,15.69,29.83,11.59
2021-09-02,662.7,13245.1,15.69,16.26,30.71,11.82
2021-09-03,660.94,13436.79,16.72,16.85,31.45,11.68
2021-09-04,658.46,13697.74,17.56,17.04,31.54,12.26
2021-09-05,655.09,13673.4,16.48,16.71,30.33,11.86
2021-09-06,663.81,13677.82,16.55,16.73,31.4,12.15
2021-09-07,665.72,13480.11,16.55,16.68,31.87,11.77
2021-09-08,659.29,13359.42,15.81,16.17,30.13,11.34
2021-09-09,663.75,13473.32,15.78,16.45,31.58,11.22
2021-09-10,674.23,13735.9,17.33,17.4,31.28,12.9
2021-09-11,679.25,13664.31,16.45,16.41,29.67,11.7
2021-09-12,671.51,13516.69,17.26,17.27,32.47,12.48
2021-09-13,668.94,13483.44,16.41,16.45,30.59,11.84
2021-09-14,675.12,13602.04,17.25,17.24,32.68,12.09
2021-09-15,671.42,13211.08,16.28,15.97,29.54,11.12
2021-09-16,673.47,12608.75,16.56,16.62,30.22,11.66
2021-09-17,677.17,12444.54,15.92,16.1,29.65,11.37
2021-09-18,672.36,12114.51,15.57,15.65,28.04,11.38
2021-09-19,671.88,11964.35,16.43,16.25,29.39,11.46
2021-09-20,655.48,11906.03,16.73,16.31,30.75,12.27
2021-09-21,650.17,11773.08,15.26,15.45,29.1,11.43
2021-09-22,648.7,12118.31,15.3,15.27,28.46,11.23
2021-09-23,642.26,12183.86,15.85,15.75,28.11,11.31
2021-09-24,650.21,12244.61,15.59,15.89,29.18,11.9
2021-09-25,642.84,12387.56,16.08,16.08,29.01,11.51
2021-09-26,640.42,12092.01,15.67,16.11,30.52,11.59
2021-09-27,640.85,12342.73,15.26,15.79,28.86,11.42
2021-09-28,647.82,12316.49,16.76,16.65,30.16,12.2
2021-09-29,640.4,12478.6,15.82,15.94,29.51,11.67
2021-09-30,645.97,12206.9,15.77,15.71,28.69,11.17
2021-10-01,645.78,11816.5,15.08,15.09,28.8,10.7
2021-10-02,640.61,12020.79,15.32,15.61,28.44,11.43
2021-10-03,642.66,12116.5,15.63,15.64,28.1,11.48
2021-10-04,643.39,11894.37,15.73,16.1,28.5,11.48
2021-10-05,640.12,11682.11,16.21,15.79,29.2,10.89
2021-10-06,640.19,11970.4,14.82,15.22,27.82,10.9
2021-10-07,637.98,11681.76,15.58,15.64,28.08,11.45
2021-10-08,638.26,12102.91,15.66,15.97,30.26,12.04
2021-10-09,641.28,11890.01,16.47,16.3,30.55,11.37
2021-10-10,648.92,12063.63,16.11,16.21,29.97,11.54
2021-10-11,642.42,11997.25,15.88,16.04,30.49,11.43
2021-10-12,652.78,12165.58,16.22,15.97,29.93,11.9
2021-10-13,642.71,12048.84,15.92,15.91,28.94,11.45
2021-10-14,641.63,12029.18,16.39,16.23,29.41,11.42
2021-10-15,644.24,12062.18,14.95,15.25,28.7,11.15
2021-10-16,645.32,11836.14,15.17,15.59,29.08,11.1
2021-10-17,641.87,12047.57,15.47,15.43,28.65,10.74
2021-10-18,640.49,11947.22,15.75,15.84,28.8,11.14
2021-10-19,637.68,11919.73,16.32,16.13,30.21,12.14
2021-10-20,634.38,11702.5,15.26,15.29,27.83,11.12
2021-10-21,638.28,11094.96,14.51,14.45,26.66,10.43
2021-10-22,639.7,11081.94,14.77,15.26,29.09,10.91
2021-10-23,635.87,11721.49,16.49,15.92,29.06,11.55
2021-10-24,640.0,11955.71,15.85,15.9,28.47,11.53
2021-10-25,641.16,11990.6,16.1,15.89,28.76,11.53
2021-10-26,644.84,11966.23,15.4,15.65,29.55,11.3
2021-10-27,647.6,12014.82,15.4,15.31,28.47,11.28
2021-10-28,643.07,12196.18,15.62,16.01,29.54,11.53
2021-10-29,639.87,11947.16,15.48,15.35,28.09,10.76
2021-10-30,643.21,12273.51,16.6,16.7,31.19,11.84
2021-10-31,645.85,12501.7,16.18,16.17,29.4,11.05
2021-11-01,645.34,12732.14,15.98,15.77,29.35,11.96
2021-11-02,645.51,12894.2,15.44,15.81,28.8,11.64
2021-11-03,651.48,12953.07,15.92,16.12,29.29,11.36
2021-11-04,648.09,13176.76,16.22,16.08,29.36,11.49
2021-11-05,650.4,13381.68,17.35,16.72,30.7,11.85
2021-11-06,648.95,13351.62,16.27,16.31,30.15,12.21
2021-11-07,647.42,13268.12,16.08,15.9,29.55,11.02
2021-11-08,652.47,13354.93,17.02,17.05,29.33,12.31
2021-11-09,656.15,13804.95,17.09,16.5,30.05,11.85
2021-11-10,659.76,13559.35,16.25,16.77,30.79,12.32
2021-11-11,665.83,13258.03,16.25,16.22,30.91,11.65
2021-11-12,665.47,13366.14,16.15,16.64,30.13,11.45
2021-11-13,668.41,13447.14,15.93,16.68,30.96,11.94
2021-11-14,666.39,13560.07,15.9,15.81,30.14,11.09
2021-11-15,667.53,13691.96,17.47,17.43,31.45,12.57
2021-11-16,666.4,13708.34,17.04,17.12,31.92,12.76
2021-11-17,666.39,14154.26,16.55,16.58,30.2,11.42
2021-11-18,668.88,13828.72,17.17,16.24,29.74,11.45
2021-11-19,664.29,13697.51,16.64,16.71,30.44,11.87
2021-11-20,674.25,13748.8,16.93,16.77,30.59,11.96
2021-11-21,668.72,13416.28,16.5,16.7,32.52,12.24
2021-11-22,662.14,13451.75,16.63,16.54,31.11,11.86
2021-11-23,667.41,13947.67,16.83,16.9,31.92,12.29
2021-11-24,670.85,14034.56,17.23,17.35,32.4,12.31
2021-11-25,673.45,14174.97,17.63,17.08,30.64,12.37
2021-11-26,676.06,13943.72,16.76,16.4,30.58,12.04
2021-11-27,675.47,13874.45,17.38,17.34,32.72,12.26
2021-11-28,670.45,13866.48,16.68,17.37,31.63,12.74
2021-11-29,670.28,13873.85,17.87,17.98,33.84,12.96
2021-11-30,666.35,14282.02,17.14,16.33,30.63,12.07
2021-12-01,670.68,14510.13,16.94,17.01,32.58,12.19
2021-12-02,669.39,14321.85,16.34,16.0,29.36,11.64
2021-12-03,664.7,14473.93,17.47,17.03,30.85,12.25
2021-12-04,662.54,14689.79,16.69,16.63,30.54,11.94
2021-12-05,664.03,15066.96,17.5,17.75,33.7,12.86
2021-12-06,660.65,15555.01,16.04,16.77,29.92,12.23
2021-12-07,655.96,15394.92,16.49,16.28,28.88,11.35
2021-12-08,656.6,15286.63,16.5,16.75,31.03,12.49
2021-12-09,657.24,15067.36,16.14,16.09,29.5,11.03
2021-12-10,654.12,15104.67,16.77,17.14,31.72,12.14
2021-12-11,651.18,15317.72,15.96,16.04,30.24,11.52
2021-12-12,651.74,15661.64,17.0,16.99,31.09,12.35
2021-12-13,643.9,15740.34,16.13,16.05,28.57,12.03
2021-12-14,636.26,15758.63,16.31,16.64,32.02,11.43
2021-12-15,632.06,15895.35,17.77,17.41,31.6,12.38
2021-12-16,630.39,15785.86,16.66,16.84,30.51,11.48
2021-12-17,631.33,16408.02,16.04,16.55,31.27,11.92
2021-12-18,638.09,16106.33,16.86,16.89,31.02,12.24
2021-12-19,641.75,16253.15,17.02,17.01,31.43,12.72
2021-12-20,640.33,16860.08,17.4,17.35,32.39,12.53
2021-12-21,639.6,16963.17,17.04,16.64,31.43,12.29
2021-12-22,633.96,17017.38,17.28,17.35,31.9,12.67
2021-12-23,633.23,17030.04,15.99,16.03,30.56,11.41
2021-12-24,631.15,17087.23,16.51,16.84,29.88,11.7
2021-12-25,632.12,17532.96,17.29,17.05,31.99,12.36
2021-12-26,627.33,17082.73,17.34,17.29,31.48,12.0
2021-12-27,629.28,17569.0,17.09,17.22,32.68,12.79
2021-12-28,636.29,17316.07,16.11,16.68,30.94,11.96
2021-12-29,635.09,17352.58,17.27,16.84,30.75,12.48
2021-12-30,636.43,17348.53,16.96,17.33,32.46,12.33
2021-12-31,639.22,17598.98,17.16,17.34,32.61,12.56
2022-01-01,636.55,17302.79,17.11,17.01,31.85,12.31
2022-01-02,637.0,17521.66,16.76,17.12,31.05,12.31
2022-01-03,636.38,18131.04,17.32,17.76,32.57,12.66
2022-01-04,636.19,17893.47,16.57,17.2,31.82,12.5
2022-01-05,631.65,18044.03,17.57,17.35,32.08,12.22
2022-01-06,631.09,17981.54,18.07,18.23,34.17,12.76
2022-01-07,632.89,18190.85,17.76,16.88,30.02,12.53
2022-01-08,639.45,18298.29,16.54,16.84,31.36,12.34
2022-01-09,643.56,18240.35,17.66,17.94,33.01,12.94
2022-01-10,653.63,18464.5,17.4,17.57,32.01,13.15
2022-01-11,649.09,19017.49,17.89,17.81,32.51,12.75
2022-01-12,652.75,19071.36,17.56,17.7,32.62,13.14
2022-01-13,652.96,19352.55,18.18,18.0,31.13,13.01
2022-01-14,663.2,19130.11,18.53,18.83,34.41,13.25
2022-01-15,658.45,18991.47,17.98,18.39,33.51,13.8
2022-01-16,653.53,19209.62,17.87,18.41,34.38,13.55
2022-01-17,649.82,19680.24,16.92,17.58,32.05,12.62
2022-01-18,638.48,19868.24,17.42,17.58,32.39,12.87
2022-01-19,635.13,19888.55,16.77,16.86,32.11,12.02
2022-01-20,630.61,19986.4,17.44,17.63,33.21,12.94
2022-01-21,630.63,19771.24,18.65,18.27,34.35,12.44
2022-01-22,631.61,20019.21,18.56,18.19,33.35,12.79
2022-01-23,640.25,20336.0,18.02,18.12,33.84,13.34
2022-01-24,644.27,20318.52,17.71,18.25,33.62,13.07
2022-01-25,640.65,20295.86,17.75,17.92,33.04,12.97
2022-01-26,635.41,20456.46,18.07,18.25,34.01,12.74
2022-01-27,637.13,20440.66,18.3,18.5,33.86,13.87
2022-01-28,629.78,20516.73,17.25,17.46,33.19,12.93
2022-01-29,638.19,21133.46,18.34,18.53,34.19,13.28
2022-01-30,643.34,21162.68,18.76,18.87,35.28,13.47
2022-01-31,640.24,21163.2,18.1,18.29,34.7,13.48
2022-02-01,630.91,21090.55,18.63,18.57,34.98,13.97
2022-02-02,636.93,21364.91,19.7,19.59,35.39,14.39
2022-02-03,635.59,21406.98,18.14,18.41,34.33,13.91
2022-02-04,641.02,21331.06,19.05,18.67,35.05,13.17
2022-02-05,632.28,21746.81,17.92,18.21,34.23,12.87
2022-02-06,628.52,22186.12,18.17,18.66,33.85,13.08
2022-02-07,627.78,22119.39,18.85,18.74,34.27,13.62
2022-02-08,627.24,21735.06,18.26,18.51,34.83,13.38
2022-02-09,624.22,22068.16,18.17,18.08,32.98,12.97
2022-02-10,626.55,21977.12,17.85,18.57,34.18,13.62
2022-02-11,620.44,22253.74,19.49,19.07,36.22,14.1
2022-02-12,618.95,21839.03,18.72,18.52,34.22,12.87
2022-02-13,618.77,22138.81,18.36,18.81,34.36,13.36
2022-02-14,620.56,21911.44,17.84,18.29,33.3,13.41
2022-02-15,623.33,22168.33,19.3,18.8,34.98,13.4
2022-02-16,616.92,22244.85,18.32,18.54,33.5,13.11
2022-02-17,608.46,22078.04,17.62,17.87,32.91,13.17
2022-02-18,614.06,22046.66,17.77,18.45,34.34,12.9
2022-02-19,614.93,22287.31,17.91,18.01,34.1,12.88
2022-02-20,610.4,22381.52,18.05,18.12,33.92,13.14
2022-02-21,617.36,22594.0,18.83,18.61,34.01,13.23
2022-02-22,617.14,23153.12,18.4,18.82,35.53,13.79
2022-02-23,622.24,22825.67,17.75,18.21,33.5,12.94
2022-02-24,621.78,23292.17,19.37,19.24,34.84,14.27
2022-02-25,631.28,23379.03,19.51,19.21,35.44,13.79
2022-02-26,639.25,23213.66,18.3,18.77,35.59,13.72
2022-02-27,637.21,22938.94,18.65,18.32,34.0,13.42
2022-02-28,641.26,22948.03,18.96,18.95,35.06,13.45
2022-03-01,643.68,23233.32,19.27,18.95,36.03,13.03
2022-03-02,649.71,23254.79,19.25,19.27,34.79,13.98
2022-03-03,644.08,23684.4,18.36,19.12,34.6,13.79
2022-03-04,646.7,23371.88,18.36,18.41,33.09,13.42
2022-03-05,651.18,23417.57,19.46,19.14,35.63,13.71
2022-03-06,641.58,23151.61,18.68,18.95,35.15,13.51
2022-03-07,634.85,23288.07,19.15,19.26,36.56,14.47
2022-03-08,623.84,23553.73,18.59,18.64,34.64,12.98
2022-03-09,621.68,23490.87,18.67,19.54,35.91,14.29
2022-03-10,624.45,22880.51,18.47,17.97,33.24,12.76
2022-03-11,631.14,22969.3,19.11,19.38,35.93,13.85
2022-03-12,630.7,23115.88,18.96,18.81,33.79,13.44
2022-03-13,638.02,23252.69,19.36,19.39,37.5,13.72
2022-03-14,630.3,23595.69,19.44,19.07,35.58,13.9
2022-03-15,620.96,23360.3,19.4,19.28,35.79,14.3
2022-03-16,619.87,23561.04,18.64,18.71,34.99,13.61
2022-03-17,620.96,23888.14,18.27,18.54,34.73,13.38
2022-03-18,619.98,23470.75,19.65,19.41,35.82,13.68
2022-03-19,608.82,23576.21,18.1,18.66,34.14,13.59
2022-03-20,607.55,23473.98,18.94,18.74,35.04,14.14
2022-03-21,600.2,23475.67,18.71,19.04,35.45,13.59
2022-03-22,602.73,23582.93,18.58,18.2,33.19,12.99
2022-03-23,603.74,23479.71,18.89,18.84,35.7,13.4
2022-03-24,598.21,23327.61,18.43,18.24,33.91,12.98
2022-03-25,594.82,23351.23,18.4,18.37,34.43,12.41
2022-03-26,588.7,23092.73,17.76,18.29,34.67,13.29
2022-03-27,587.56,22832.82,17.3,17.56,32.5,12.39
2022-03-28,591.51,23012.43,18.17,17.96,33.43,12.45
2022-03-29,585.75,22733.24,18.7,18.65,34.98,13.65
2022-03-30,587.45,22906.04,18.89,18.54,33.86,13.02
2022-03-31,583.97,23026.14,18.26,18.14,33.6,12.96
2022-04-01,579.18,22597.36,17.77,18.06,33.49,13.45
2022-04-02,577.81,22428.85,17.54,17.78,32.32,12.38
2022-04-03,571.81,22726.49,18.47,18.44,35.5,12.82
2022-04-04,568.22,22478.53,16.99,17.69,31.88,12.82
2022-04-05,561.4,22357.98,18.22,17.72,32.01,13.1
2022-04-06,570.4,22467.27,18.39,18.25,34.56,12.67
2022-04-07,569.75,22655.12,17.9,17.53,32.86,12.75
2022-04-08,565.42,22582.46,17.91,18.38,33.39,13.41
2022-04-09,565.67,22421.53,17.47,17.1,32.0,11.69
2022-04-10,564.28,22763.82,19.11,18.45,35.0,13.52
2022-04-11,562.35,23183.47,17.34,17.74,32.8,13.04
2022-04-12,564.6,23411.35,18.13,17.9,34.67,12.79
2022-04-13,567.56,23414.09,17.28,17.28,30.94,12.82
2022-04-14,564.08,23191.69,17.27,17.74,33.23,13.11
2022-04-15,560.38,22962.0,17.53,17.38,32.85,12.54
2022-04-16,558.18,23068.81,17.8,17.55,33.0,12.5
2022-04-17,545.85,23147.87,17.4,17.58,32.4,12.36
2022-04-18,537.45,23471.01,18.34,17.99,33.1,12.94
2022-04-19,543.46,23604.65,17.32,17.82,33.23,13.0
2022-04-20,550.87,23198.2,17.4,17.85,33.5,12.75
2022-04-21,548.8,23428.81,17.36,17.32,32.41,11.81
2022-04-22,550.87,23145.24,17.36,17.35,32.73,12.88
2022-04-23,551.6,23013.51,18.18,18.4,33.42,13.3
2022-04-24,566.18,23038.66,17.85,17.61,32.44,12.57
2022-04-25,570.96,23498.53,18.94,18.78,34.17,13.78
2022-04-26,569.51,24235.31,18.47,18.22,33.47,13.57
2022-04-27,563.91,24344.67,18.23,18.26,34.4,12.31
2022-04-28,555.07,24254.92,18.71,18.53,34.35,13.47
2022-04-29,555.27,24343.0,18.51,18.64,36.05,12.99
2022-04-30,550.68,24517.78,18.69,18.07,33.55,13.16
2022-05-01,542.76,24388.9,17.56,17.8,32.97,12.86
2022-05-02,538.71,24787.43,18.63,17.99,33.35,13.15
2022-05-03,532.5,24793.12,18.07,18.06,33.03,12.85
2022-05-04,540.12,24864.2,18.0,18.42,34.04,12.7
2022-05-05,543.73,24975.81,18.56,18.15,34.25,12.93
2022-05-06,542.88,25024.83,18.44,18.4,34.11,13.37
2022-05-07,549.48,25176.71,19.21,18.95,34.58,13.95
2022-05-08,549.06,24963.07,18.74,18.38,33.44,12.88
2022-05-09,543.96,24762.73,18.31,18.21,33.42,13.42
2022-05-10,550.77,24425.49,17.3,17.48,32.39,12.39
2022-05-11,552.67,24471.75,17.37,17.08,32.31,12.41
2022-05-12,546.69,24601.48,18.24,18.24,32.93,12.98
2022-05-13,544.94,24649.54,18.24,18.03,33.17,13.04
2022-05-14,539.77,25000.43,17.24,17.89,33.18,13.15
2022-05-15,532.06,24929.96,18.19,18.06,32.31,12.63
2022-05-16,535.9,25026.76,17.83,18.02,32.84,12.77
2022-05-17,544.66,24682.16,19.02,18.53,33.86,13.39
2022-05-18,536.88,24512.44,18.13,17.94,32.71,13.64
2022-05-19,538.91,24612.13,17.74,17.67,32.8,12.46
2022-05-20,534.88,24748.98,18.49,18.34,33.84,13.82
2022-05-21,531.66,24598.86,17.47,17.77,32.54,13.39
2022-05-22,527.92,24503.14,18.47,17.98,33.52,12.92
2022-05-23,522.82,24044.7,17.96,17.36,33.16,12.41
2022-05-24,522.29,23875.34,17.35,17.24,32.87,12.2
2022-05-25,517.36,24016.71,17.98,17.5,31.22,12.58
2022-05-26,517.94,24078.2,17.33,17.5,32.72,12.18
2022-05-27,516.92,24120.0,17.44,17.68,32.6,12.71
2022-05-28,514.96,24048.03,17.34,17.33,32.16,12.93
2022-05-29,509.66,23964.37,16.73,16.6,30.47,11.77
2022-05-30,506.01,23712.87,16.91,17.03,31.58,12.19
2022-05-31,509.03,23800.2,17.75,17.59,32.64,12.16
2022-06-01,510.77,23817.12,17.28,17.19,31.45,12.49
2022-06-02,505.13,23850.9,16.83,17.13,31.16,12.42
2022-06-03,504.87,23629.28,17.71,17.56,32.21,12.66
2022-06-04,507.88,22999.98,16.99,16.73,31.1,11.98
2022-06-05,498.78,23182.46,16.37,16.32,30.55,11.66
2022-06-06,500.75,22970.15,17.18,16.84,31.66,12.27
2022-06-07,496.7,22661.07,16.19,16.56,30.33,11.91
2022-06-08,498.81,22740.31,16.56,16.42,30.54,11.92
2022-06-09,494.25,22547.46,16.26,16.61,31.3,12.02
2022-06-10,484.49,22716.9,16.44,16.78,31.74,12.42
2022-06-11,475.62,22774.95,16.27,16.46,30.42,12.06
2022-06-12,475.13,22849.0,16.32,16.6,30.59,12.01
2022-06-13,475.7,22410.06,16.92,17.08,31.72,12.76
2022-06-14,470.45,22615.02,16.14,16.2,29.29,11.79
2022-06-15,472.92,22581.76,16.73,16.48,30.37,12.26
2022-06-16,463.9,22390.34,15.88,15.97,29.99,11.68
2022-06-17,462.85,22326.61,15.33,15.8,29.62,10.82
2022-06-18,456.08,21782.5,15.98,15.64,28.78,11.65
2022-06-19,452.11,21784.19,15.37,15.63,29.04,11.29
2022-06-20,451.64,21425.97,15.83,15.85,28.82,11.39
2022-06-21,446.63,20986.55,16.57,16.44,30.83,11.92
2022-06-22,444.0,20504.37,15.08,15.02,27.75,10.71
2022-06-23,448.33,20680.64,15.59,15.26,28.07,11.06
2022-06-24,444.75,20421.14,15.42,15.27,28.04,10.82
2022-06-25,448.24,20702.14,15.33,15.59,28.81,11.61
2022-06-26,441.9,20465.54,16.03,15.37,28.17,11.03
2022-06-27,443.86,19935.85,15.71,15.65,29.35,11.15
2022-06-28,450.38,19553.72,14.11,14.15,25.94,9.91
2022-06-29,437.34,19759.54,14.32,14.03,26.92,10.18
2022-06-30,432.68,19617.34,14.75,14.68,28.03,10.62
2022-07-01,434.89,19376.97,15.4,15.28,27.72,11.11
2022-07-02,433.21,19313.64,14.91,14.17,26.25,9.89
2022-07-03,434.39,19335.75,13.53,13.61,24.79,9.32
2022-07-04,430.71,19511.78,14.95,15.04,27.63,11.02
2022-07-05,430.48,19770.65,15.02,14.99,28.93,11.24
2022-07-06,429.05,19577.53,14.69,14.37,26.41,10.04
2022-07-07,434.23,19142.96,13.91,14.36,26.79,10.82
2022-07-08,434.85,18936.69,13.73,14.32,26.81,10.39
2022-07-09,435.89,18899.02,14.58,14.75,26.69,10.62
2022-07-10,433.19,18555.56,13.82,14.31,25.97,10.19
2022-07-11,430.11,18213.99,14.49,14.61,26.31,10.11
2022-07-12,427.31,18197.92,13.38,13.23,23.94,9.82
2022-07-13,428.65,18084.03,13.75,14.01,24.21,9.86
2022-07-14,425.92,17990.84,13.41,13.84,25.92,9.73
2022-07-15,426.74,17700.19,14.13,14.11,27.33,10.46
2022-07-16,436.5,17541.95,14.35,14.09,26.16,9.58
2022-07-17,440.24,17210.67,14.08,14.59,26.13,10.04
2022-07-18,437.99,17333.44,13.77,13.53,24.64,9.73
2022-07-19,443.39,17492.96,14.66,14.42,26.4,10.47
2022-07-20,440.74,16932.63,14.7,14.41,26.06,10.52
2022-07-21,429.95,16602.0,15.04,14.67,27.66,10.47
2022-07-22,424.31,16130.18,14.17,13.51,25.48,10.49
2022-07-23,414.36,15870.59,13.5,13.61,24.48,9.73
2022-07-24,412.01,15753.27,12.72,12.68,23.9,9.06
2022-07-25,411.52,15295.04,12.18,12.3,23.68,8.62
2022-07-26,419.32,14969.45,13.62,13.62,26.34,9.84
2022-07-27,420.37,14624.04,13.65,13.19,26.12,9.68
2022-07-28,418.7,14582.17,13.22,13.63,24.67,10.17
2022-07-29,422.28,14506.59,12.38,12.64,25.07,8.65
2022-07-30,410.66,14234.03,13.55,13.14,24.09,9.39
2022-07-31,411.27,14186.93,13.98,13.67,24.94,9.98
2022-08-01,414.57,13959.8,12.97,13.07,24.38,9.59
2022-08-02,406.62,13802.3,13.11,12.85,23.42,9.25
2022-08-03,411.79,14131.98,13.02,12.92,24.14,9.47
2022-08-04,412.94,14379.34,12.83,12.38,22.11,8.67
2022-08-05,410.32,13967.64,13.41,13.39,24.62,10.11
2022-08-06,412.95,14089.25,12.98,12.68,24.22,9.43
2022-08-07,423.77,14207.28,14.11,13.32,24.61,9.19
2022-08-08,424.15,13836.42,12.57,12.39,23.0,8.6
2022-08-09,424.87,13958.38,12.6,12.59,23.57,8.75
2022-08-10,422.06,14261.2,13.9,13.68,26.02,10.06
2022-08-11,417.29,13900.01,12.68,12.79,22.67,8.82
2022-08-12,420.93,13591.2,14.19,13.47,25.28,9.6
2022-08-13,416.15,13767.34,12.9,12.84,23.6,9.38
2022-08-14,416.0,13758.1,12.05,12.13,22.54,8.71
2022-08-15,413.12,13820.06,12.95,13.2,25.06,9.58
2022-08-16,415.02,13830.52,12.97,12.64,22.66,8.78
2022-08-17,416.2,13854.75,13.44,13.18,23.77,9.67
2022-08-18,420.91,13450.94,12.71,12.86,22.63,9.07
2022-08-19,417.88,13641.87,12.42,12.24,22.32,8.72
2022-08-20,416.06,13864.67,12.51,12.97,24.79,9.41
2022-08-21,410.7,13739.05,13.72,13.66,25.2,9.87
2022-08-22,408.01,13661.26,13.05,12.92,23.09,9.31
2022-08-23,409.44,13212.92,13.09,12.58,22.99,8.83
2022-08-24,412.77,13277.31,12.87,13.1,23.35,9.35
2022-08-25,407.71,13357.56,12.32,12.71,22.83,9.15
2022-08-26,411.61,13280.66,12.47,12.74,23.81,8.76
2022-08-27,417.95,13501.85,11.98,12.38,22.2,8.78
2022-08-28,419.58,13359.88,13.3,12.9,24.52,9.4
2022-08-29,428.53,13444.07,13.84,13.38,24.7,9.25
2022-08-30,424.24,13133.68,12.57,12.47,23.12,9.32
2022-08-31,417.59,13073.82,13.62,13.26,24.36,9.93
2022-09-01,408.28,12977.8,12.52,12.48,23.55,8.61
2022-09-02,415.35,12983.23,12.24,12.27,23.17,9.24
2022-09-03,418.22,12841.5,12.92,13.02,24.3,9.33
2022-09-04,417.54,12760.86,12.38,12.48,23.42,9.11
2022-09-05,418.54,12921.19,12.49,12.96,23.85,9.18
2022-09-06,412.53,12767.41,12.48,12.4,23.27,9.21
2022-09-07,424.37,12322.8,12.53,12.54,22.99,9.15
2022-09-08,424.63,12718.84,13.11,12.88,23.83,9.03
2022-09-09,424.81,13024.5,12.92,12.9,23.69,8.94
2022-09-10,428.06,12663.37,11.87,11.92,21.78,8.15
2022-09-11,430.1,12799.39,12.08,12.34,22.42,8.94
2022-09-12,430.86,12638.92,13.15,13.13,24.56,9.62
2022-09-13,426.55,12671.74,12.87,12.65,24.18,9.3
2022-09-14,428.56,12713.94,12.19,12.53,23.89,8.99
2022-09-15,437.63,12625.68,12.33,12.31,22.02,8.52
2022-09-16,444.01,12401.79,12.52,12.45,23.8,8.76
2022-09-17,451.64,12202.93,11.91,12.13,22.24,9.08
2022-09-18,448.76,11949.37,12.6,12.78,24.0,9.05
2022-09-19,443.49,11718.65,12.5,12.43,22.45,8.99
2022-09-20,442.54,11680.82,11.92,12.26,22.76,8.5
2022-09-21,442.5,11482.59,12.66,12.56,23.42,9.14
2022-09-22,447.67,11635.57,12.58,12.85,22.88,9.12
2022-09-23,438.9,11991.6,13.84,13.52,25.37,10.05
2022-09-24,446.25,11832.57,12.84,12.14,23.26,8.97
2022-09-25,445.17,11880.17,12.95,13.21,24.33,9.36
2022-09-26,442.75,11994.61,13.29,13.13,25.1,9.41
2022-09-27,437.4,12103.9,12.16,12.38,22.79,8.75
2022-09-28,428.85,12115.95,12.96,12.65,23.91,8.68
2022-09-29,432.7,12296.46,12.12,12.5,21.79,8.74
2022-09-30,432.8,12413.64,12.93,12.79,25.11,9.27
2022-10-01,426.09,12102.62,12.86,13.13,25.18,9.55
2022-10-02,419.36,12320.09,12.67,12.73,23.38,9.21
2022-10-03,417.43,12543.87,12.42,12.73,22.36,9.07
2022-10-04,425.53,12356.79,12.66,12.42,23.15,9.22
2022-10-05,423.99,12371.79,11.73,11.98,21.29,8.64
2022-10-06,416.25,12549.91,12.59,12.43,23.25,9.16
2022-10-07,414.79,12506.65,12.85,12.96,24.22,8.8
2022-10-08,413.2,12785.73,11.89,11.92,21.49,7.41
2022-10-09,399.5,13389.3,12.13,12.09,23.03,8.79
2022-10-10,399.02,13207.18,12.27,12.5,23.6,8.57
2022-10-11,397.66,12878.05,12.0,11.93,22.66,8.53
2022-10-12,400.94,12971.89,12.55,12.09,22.37,8.61
2022-10-13,409.99,13171.91,12.2,12.43,22.15,9.43
2022-10-14,415.43,13135.58,12.48,12.13,23.02,8.85
2022-10-15,413.91,13522.01,12.82,12.38,22.73,8.96
2022-10-16,408.2,13212.21,12.62,12.87,22.97,9.52
2022-10-17,420.89,13412.02,11.88,12.31,23.59,8.98
2022-10-18,421.02,13288.84,12.25,12.16,23.76,8.62
2022-10-19,420.93,13748.69,12.52,12.69,23.45,9.46
2022-10-20,420.65,14278.51,13.95,13.39,26.06,9.31
2022-10-21,421.49,14120.23,12.99,12.98,24.07,9.44
2022-10-22,420.62,14017.91,12.59,12.83,23.51,8.77
2022-10-23,417.62,14269.54,12.72,13.06,23.79,9.47
2022-10-24,414.75,14211.15,12.61,12.29,23.71,8.9
2022-10-25,414.46,14239.84,13.02,13.19,23.93,10.0
2022-10-26,411.62,14287.86,13.13,13.11,24.7,8.97
2022-10-27,407.94,13851.24,12.9,12.61,22.99,8.9
2022-10-28,408.36,13892.69,13.05,13.2,24.14,9.75
2022-10-29,406.98,13766.76,12.27,12.28,23.34,8.94
2022-10-30,414.4,13691.56,13.27,13.27,24.33,9.61
2022-10-31,401.05,14102.12,13.01,12.81,23.45,8.94
2022-11-01,406.42,13839.2,12.79,12.61,24.01,8.9
2022-11-02,412.57,14095.25,12.84,12.91,24.84,9.67
2022-11-03,402.13,14079.78,12.73,12.71,23.91,9.14
2022-11-04,400.34,14065.61,13.1,13.21,24.05,9.63
2022-11-05,398.42,14320.47,11.9,12.34,22.53,8.85
2022-11-06,391.32,14464.22,12.48,12.4,23.0,8.58
2022-11-07,387.38,14667.07,13.69,13.13,24.47,9.73
2022-11-08,381.78,14970.74,12.21,12.48,22.49,9.14
2022-11-09,390.5,14950.97,12.97,13.2,24.86,10.2
2022-11-10,395.14,14862.36,13.3,13.57,25.15,9.46
2022-11-11,401.46,14656.91,12.98,12.76,22.57,9.43
2022-11-12,405.05,14517.75,13.34,13.2,23.87,9.11
2022-11-13,399.38,15323.56,12.58,12.63,23.06,9.14
2022-11-14,396.74,15704.59,13.19,13.46,24.87,9.99
2022-11-15,399.18,15437.98,13.23,13.2,25.55,8.88
2022-11-16,393.07,15179.81,12.67,13.14,24.45,9.4
2022-11-17,396.64,15373.98,12.85,12.8,23.18,9.05
2022-11-18,395.44,15585.73,12.7,12.44,23.15,8.75
2022-11-19,393.58,15799.1,12.97,13.34,24.48,9.72
2022-11-20,397.16,15812.7,11.92,12.38,23.09,9.25
2022-11-21,399.41,15859.85,13.6,13.12,24.62,9.41
2022-11-22,397.63,16021.48,13.46,13.65,25.97,9.89
2022-11-23,403.47,16123.73,13.81,13.47,24.9,9.73
2022-11-24,398.1,15650.78,13.9,13.95,26.78,10.04
2022-11-25,401.23,15676.28,13.58,13.63,25.76,9.49
2022-11-26,404.25,15547.43,13.1,12.97,23.56,9.67
2022-11-27,402.76,15676.26,12.99,13.26,25.85,9.63
2022-11-28,404.46,16508.6,13.54,13.5,25.17,9.84
2022-11-29,398.27,16687.46,12.73,12.85,23.27,9.01
2022-11-30,402.97,16697.03,12.78,13.18,25.37,9.35
2022-12-01,402.13,17016.34,13.51,13.41,26.06,9.6
2022-12-02,399.6,17226.78,12.77,12.85,23.75,8.79
2022-12-03,404.94,17422.43,13.77,13.82,25.26,9.44
2022-12-04,401.52,17665.61,13.36,13.72,25.28,9.7
2022-12-05,394.58,18272.04,13.71,13.23,24.91,9.68
2022-12-06,386.91,18082.39,14.15,13.89,26.46,9.8
2022-12-07,390.06,18294.63,14.41,14.13,26.47,9.86
2022-12-08,383.78,18157.6,13.7,13.79,25.58,9.69
2022-12-09,392.68,18391.74,13.26,13.78,26.39,9.78
2022-12-10,382.4,18258.02,14.54,13.95,25.62,9.94
2022-12-11,391.02,18250.27,14.09,14.11,26.73,10.81
2022-12-12,392.22,18273.7,13.76,13.99,25.71,10.39
2022-12-13,391.89,18615.46,13.76,13.63,25.48,10.12
2022-12-14,389.32,18943.43,14.48,14.13,26.08,10.53
2022-12-15,391.48,18730.89,14.46,14.47,26.74,10.12
2022-12-16,391.46,18844.02,14.17,13.79,25.28,9.56
2022-12-17,397.15,18766.49,15.25,14.93,28.42,10.41
2022-12-18,397.89,18552.17,13.5,13.82,25.13,10.35
2022-12-19,398.83,18598.64,13.87,14.07,25.59,9.97
2022-12-20,397.2,18622.62,14.06,13.78,26.76,9.54
2022-12-21,397.11,19330.76,13.53,14.35,27.13,10.2
2022-12-22,398.85,19540.78,13.6,13.65,23.82,9.76
2022-12-23,390.5,19298.45,13.5,13.93,25.43,10.11
2022-12-24,383.97,19259.59,13.46,13.6,24.07,9.87
2022-12-25,387.91,19617.51,14.17,14.26,25.81,10.02
2022-12-26,388.98,20242.39,14.7,14.81,25.51,10.87
2022-12-27,388.29,19948.83,14.4,14.57,26.87,10.3
2022-12-28,388.62,19581.93,12.93,13.26,23.84,9.5
2022-12-29,390.59,20152.87,15.91,15.22,28.2,11.17
2022-12-30,388.14,20353.55,15.11,14.55,25.94,10.28
2022-12-31,384.5,20239.79,13.68,14.03,26.0,9.93
2023-01-01,385.73,20476.79,14.97,14.49,26.56,10.61
2023-01-02,381.1,19921.18,14.14,14.26,27.29,10.01
2023-01-03,383.41,20025.31,14.03,13.99,26.73,9.96
2023-01-04,375.17,20210.48,14.25,14.27,26.87,10.44
2023-01-05,380.59,20544.66,13.93,14.13,25.94,10.79
2023-01-06,383.23,20394.15,14.5,14.2,27.47,10.41
2023-01-07,384.8,20518.38,14.19,14.15,25.25,10.33
2023-01-08,390.01,20389.64,13.75,13.89,24.86,10.16
2023-01-09,398.63,20555.87,14.31,14.7,27.15,10.27
2023-01-10,404.01,20434.16,14.66,14.92,28.96,10.78
2023-01-11,395.11,20433.98,14.27,14.76,27.19,10.62
2023-01-12,389.03,20286.55,14.75,14.75,27.18,10.72
2023-01-13,386.22,20550.51,14.23,14.59,26.12,10.54
2023-01-14,386.68,20865.92,14.27,14.35,27.11,10.44
2023-01-15,389.59,20907.66,15.36,14.95,28.23,10.67
2023-01-16,386.3,21017.18,14.42,14.06,26.48,10.14
2023-01-17,387.57,20754.52,14.17,14.18,25.85,9.84
2023-01-18,384.14,20778.59,14.08,14.11,25.68,10.06
2023-01-19,381.43,20864.51,15.48,14.91,26.81,11.15
2023-01-20,374.76,21617.62,15.14,14.98,27.77,10.88
2023-01-21,370.5,21436.96,14.59,14.68,26.52,10.57
2023-01-22,364.11,21899.72,14.53,14.96,26.97,11.34
2023-01-23,359.6,22245.01,14.33,14.22,26.04,9.83
2023-01-24,365.24,22410.58,15.09,14.84,27.16,10.35
2023-01-25,360.88,22944.94,14.56,14.75,26.96,11.13
2023-01-26,374.42,23131.95,15.48,15.39,28.76,11.1
2023-01-27,377.28,23322.47,15.0,15.11,28.0,10.81
2023-01-28,378.6,23401.63,14.99,15.05,27.66,10.47
2023-01-29,374.71,23799.16,14.73,15.48,28.74,11.28
2023-01-30,378.62,24164.08,15.71,15.78,28.6,11.52
2023-01-31,376.15,24097.6,15.4,15.1,28.01,10.55
2023-02-01,377.18,23856.83,15.1,15.29,28.38,10.97
2023-02-02,390.4,23894.22,15.12,15.1,27.03,10.77
2023-02-03,390.34,23781.4,14.26,14.49,27.4,10.51
2023-02-04,396.52,23851.74,15.79,15.68,28.49,10.96
2023-02-05,393.44,24246.32,15.85,15.92,29.5,11.84
2023-02-06,393.71,24216.2,15.49,15.78,29.88,11.63
2023-02-07,403.0,24288.66,15.45,15.05,28.4,10.73
2023-02-08,400.32,24385.26,15.96,15.68,29.03,11.22
2023-02-09,409.84,24678.37,14.98,15.16,27.84,10.88
2023-02-10,413.83,24196.53,16.66,16.51,31.12,11.66
2023-02-11,411.49,24123.6,15.64,15.47,29.03,11.01
2023-02-12,415.12,24254.0,16.7,16.51,30.16,11.8
2023-02-13,420.45,24630.41,16.07,16.57,30.19,12.42
2023-02-14,424.04,24582.61,16.18,15.88,28.13,11.71
2023-02-15,416.67,24187.42,15.38,15.55,28.87,11.48
2023-02-16,413.52,24415.04,16.06,16.17,29.86,11.75
2023-02-17,412.78,24327.62,16.44,15.65,29.64,10.93
2023-02-18,412.9,24100.33,16.06,15.96,29.75,11.48
2023-02-19,416.51,24013.04,15.64,15.76,29.95,11.64
2023-02-20,417.9,24034.38,14.6,15.27,27.82,10.61
2023-02-21,411.73,23949.3,15.39,14.97,28.37,10.97
2023-02-22,414.15,23462.64,15.44,15.84,28.99,12.1
2023-02-23,417.72,23750.24,15.37,15.67,29.45,11.6
2023-02-24,421.04,24130.87,15.73,15.83,28.42,11.82
2023-02-25,426.98,24354.23,16.91,16.49,30.65,11.94
2023-02-26,431.68,24128.84,16.92,16.68,29.67,12.3
2023-02-27,434.51,24136.03,16.1,16.15,29.72,11.41
2023-02-28,434.7,24190.48,16.23,16.14,30.13,11.86
2023-03-01,426.94,24394.74,16.24,16.42,30.07,12.02
2023-03-02,429.64,24614.88,15.83,15.79,28.57,11.45
2023-03-03,431.23,24482.85,16.42,16.4,30.85,12.2
2023-03-04,433.15,24553.32,16.87,16.58,30.62,11.78
2023-03-05,427.32,24716.04,16.89,16.6,30.41,11.89
2023-03-06,422.48,25126.81,15.75,15.6,28.89,11.26
2023-03-07,428.32,25348.17,16.12,16.22,31.6,11.37
2023-03-08,428.7,25589.05,16.48,16.26,30.77,11.77
2023-03-09,432.68,25652.01,16.7,16.73,31.64,11.53
2023-03-10,433.41,26044.99,16.68,17.01,31.72,12.56
2023-03-11,434.14,26186.15,17.35,17.47,32.41,12.59
2023-03-12,439.42,26007.95,16.72,16.7,29.45,11.86
2023-03-13,437.44,26394.19,17.05,16.78,30.64,11.83
2023-03-14,438.52,26602.39,17.46,17.52,32.12,12.54
2023-03-15,436.81,26523.67,16.77,17.13,30.56,12.54
2023-03-16,435.24,26434.13,17.48,17.47,31.62,12.74
2023-03-17,434.31,26536.91,17.13,17.09,30.43,12.09
2023-03-18,436.03,26679.62,16.64,16.58,30.65,11.68
2023-03-19,434.26,26754.14,16.78,16.51,31.03,12.08
2023-03-20,441.16,26855.44,16.86,16.55,31.29,11.7
2023-03-21,437.31,27302.15,17.34,17.52,32.65,12.63
2023-03-22,437.0,27590.03,17.62,17.81,32.37,12.86
2023-03-23,435.44,27655.92,17.76,18.07,32.27,13.1
2023-03-24,443.31,27907.73,18.07,17.86,31.99,13.12
2023-03-25,444.93,27664.32,18.37,17.94,32.42,12.54
2023-03-26,450.73,27776.76,17.27,17.36,31.59,11.93
2023-03-27,443.95,28240.28,17.1,17.17,31.67,12.19
2023-03-28,445.94,28195.19,18.43,17.99,32.67,13.49
2023-03-29,451.04,27990.93,17.98,17.83,33.19,13.44
2023-03-30,452.11,27833.78,17.81,17.67,32.56,13.28
2023-03-31,458.1,27565.46,17.44,17.8,32.93,12.76
2023-04-01,456.18,27371.59,17.89,17.68,33.4,12.2
2023-04-02,463.89,27279.49,17.88,18.16,32.88,12.37
2023-04-03,476.06,26926.85,17.9,18.24,33.99,12.95
2023-04-04,474.92,26927.73,17.82,17.92,33.14,12.84
2023-04-05,473.37,27148.5,17.91,18.08,33.25,13.41
2023-04-06,481.32,26914.98,17.93,18.0,33.83,13.22
2023-04-07,489.9,27286.44,17.42,17.85,33.55,12.92
2023-04-08,487.97,27404.01,18.63,18.34,33.37,12.94
2023-04-09,486.56,27649.76,17.87,17.54,32.33,12.34
2023-04-10,485.85,27471.63,17.87,18.45,34.3,13.36
2023-04-11,479.82,27669.84,17.81,17.52,32.25,12.82
2023-04-12,475.93,27379.67,17.72,17.97,33.59,13.05
2023-04-13,471.61,27583.3,17.77,17.51,32.56,12.3
2023-04-14,468.48,27605.57,18.01,18.03,34.46,13.18
2023-04-15,469.01,27721.46,17.85,17.84,32.08,12.97
2023-04-16,470.89,27403.4,17.09,17.15,31.65,12.02
2023-04-17,479.36,27153.75,18.37,18.0,32.76,12.73
2023-04-18,475.09,27275.45,17.21,17.58,32.88,12.86
2023-04-19,480.73,27009.05,18.35,18.17,32.64,13.01
2023-04-20,480.38,27093.83,18.16,17.83,33.2,13.32
2023-04-21,480.86,26719.33,18.1,17.89,32.71,13.03
2023-04-22,484.96,26896.98,18.16,17.46,31.86,12.43
2023-04-23,480.08,26552.78,17.27,17.43,31.38,12.55
2023-04-24,482.73,26653.13,17.84,17.55,32.19,12.66
2023-04-25,484.29,26770.15,18.11,18.14,34.21,12.84
2023-04-26,487.5,26554.94,18.82,18.45,34.12,13.01
2023-04-27,489.68,26657.79,17.52,17.52,32.79,12.83
2023-04-28,502.7,26678.64,18.36,18.47,35.18,13.56
2023-04-29,500.26,26498.06,17.48,17.09,31.77,12.48
2023-04-30,498.35,26198.47,17.21,17.36,31.78,12.95
2023-05-01,495.99,25658.79,16.83,17.25,32.2,12.26
2023-05-02,493.97,25695.61,16.92,17.08,31.27,12.8
2023-05-03,491.54,25252.28,17.0,16.82,30.81,11.84
2023-05-04,498.24,25222.45,18.12,17.71,31.84,12.44
2023-05-05,506.1,25101.42,17.57,17.54,33.0,12.1
2023-05-06,504.01,25214.53,18.17,17.78,32.65,12.67
2023-05-07,500.61,25080.87,17.4,17.81,33.06,12.67
2023-05-08,503.74,24938.9,17.51,17.64,32.02,12.86
2023-05-09,501.75,25060.8,17.72,17.81,33.21,12.89
2023-05-10,505.68,25082.08,17.55,17.58,32.07,12.3
2023-05-11,507.47,25097.23,17.19,17.17,31.67,12.24
2023-05-12,500.67,25149.26,18.19,17.98,33.79,12.83
2023-05-13,509.18,24698.72,17.18,17.31,32.5,11.93
2023-05-14,518.94,24819.91,17.4,17.36,32.1,12.2
2023-05-15,516.66,24903.7,17.64,17.65,31.59,12.48
2023-05-16,515.5,24578.88,16.96,17.24,33.69,12.84
2023-05-17,517.71,24445.93,17.4,17.43,33.3,12.61
2023-05-18,520.17,24362.9,17.71,17.75,33.27,12.98
2023-05-19,524.25,24254.84,17.73,17.78,32.44,12.35
2023-05-20,535.1,24262.63,17.46,17.45,32.21,12.92
2023-05-21,535.0,24543.61,17.72,17.69,32.41,13.13
2023-05-22,531.8,24736.0,18.2,18.33,34.66,12.6
2023-05-23,525.7,24328.75,18.26,17.88,33.24,12.66
2023-05-24,522.84,24403.93,18.14,18.49,33.74,13.46
2023-05-25,523.48,24654.72,18.0,18.22,33.43,13.31
2023-05-26,533.25,24668.9,19.19,18.36,34.63,13.01
2023-05-27,531.46,24858.06,17.06,17.37,33.1,12.42
2023-05-28,533.38,25276.51,17.98,18.39,34.94,13.06
2023-05-29,534.1,25446.81,18.34,18.12,33.98,13.08
2023-05-30,540.85,25422.53,17.4,18.02,33.18,13.33
2023-05-31,554.29,25596.23,18.49,18.56,32.39,13.13
2023-06-01,552.44,25543.95,19.47,18.83,35.01,13.86
2023-06-02,550.8,25460.52,18.14,18.6,34.41,13.16
2023-06-03,556.84,25282.38,17.49,18.09,33.54,12.77
2023-06-04,561.06,25582.1,18.44,18.89,34.97,13.84
2023-06-05,571.1,25285.53,18.67,18.4,33.24,13.52
2023-06-06,574.83,25575.86,19.22,18.88,35.27,13.85
2023-06-07,573.85,25607.29,18.51,18.67,34.92,13.05
2023-06-08,577.62,25163.19,18.83,18.63,34.87,13.27
2023-06-09,583.98,25160.11,19.53,19.11,35.93,14.01
2023-06-10,588.9,24539.43,18.82,18.28,34.18,13.17
2023-06-11,592.25,24599.47,19.47,19.54,35.91,13.75
2023-06-12,598.4,24723.81,17.47,18.16,33.56,13.22
2023-06-13,605.07,24478.16,18.43,18.68,34.61,13.24
2023-06-14,612.8,24410.9,19.04,19.16,35.52,14.34
2023-06-15,616.87,24800.76,19.35,19.43,36.54,14.45
2023-06-16,616.85,24575.13,19.03,19.09,35.69,13.92
2023-06-17,618.41,24210.72,19.35,19.02,36.43,14.1
2023-06-18,625.26,24481.0,19.77,19.39,37.19,13.98
2023-06-19,622.0,24871.09,19.15,19.2,35.57,14.05
2023-06-20,624.67,24771.06,20.19,19.86,34.44,14.74
2023-06-21,623.52,24922.61,19.77,19.67,37.12,14.23
2023-06-22,624.49,25156.32,19.78,19.76,36.24,14.15
2023-06-23,631.71,24868.74,19.32,19.05,34.76,13.2
2023-06-24,633.49,24645.18,19.39,19.36,35.58,13.92
2023-06-25,634.55,24850.42,19.97,19.35,35.54,14.18
2023-06-26,628.58,25168.98,18.65,19.08,35.66,14.02
2023-06-27,633.13,25206.82,19.55,19.7,35.52,14.34
2023-06-28,637.19,24883.83,19.27,19.31,35.07,13.74
2023-06-29,648.83,25277.45,20.21,20.08,37.35,13.86
2023-06-30,648.12,25041.46,19.69,19.31,36.09,13.75
2023-07-01,650.04,24854.37,20.39,20.39,38.11,14.59
2023-07-02,652.11,24836.62,18.95,19.37,35.37,13.86
2023-07-03,660.83,25121.82,20.29,20.04,36.48,14.61
2023-07-04,661.18,25232.01,20.53,20.3,37.26,15.21
2023-07-05,663.4,25232.48,19.21,19.79,36.76,14.29
2023-07-06,667.27,25245.15,20.42,20.42,38.67,14.64
2023-07-07,669.02,25153.0,19.11,19.59,35.01,14.03
2023-07-08,667.62,25189.65,20.45,20.65,38.07,14.91
2023-07-09,669.41,24454.57,19.61,19.88,35.98,14.07
2023-07-10,675.61,24277.94,19.92,19.68,35.41,14.2
2023-07-11,671.3,24236.04,19.76,19.72,37.06,14.33
2023-07-12,672.79,23846.32,19.68,20.07,37.46,14.51
2023-07-13,670.12,23841.25,19.73,19.47,36.29,14.16
2023-07-14,676.91,23688.81,19.03,19.46,36.55,14.14
2023-07-15,670.12,24026.72,19.77,19.67,36.1,13.63
2023-07-16,668.15,24319.42,19.1,19.35,35.53,14.12
2023-07-17,670.86,24102.83,20.41,20.52,39.28,14.57
2023-07-18,679.51,23965.44,19.81,19.66,36.22,13.82
2023-07-19,680.0,23847.76,20.34,20.19,37.79,14.2
2023-07-20,678.05,23636.16,20.25,19.85,36.72,14.42
2023-07-21,688.27,23586.78,19.48,19.51,34.98,13.98
2023-07-22,681.85,23299.64,19.81,19.72,35.25,13.69
2023-07-23,671.68,22920.03,19.63,19.76,36.22,14.37
2023-07-24,674.69,22979.37,19.49,19.44,36.6,13.56
2023-07-25,673.0,23041.07,20.12,19.98,37.44,14.43
2023-07-26,668.71,22745.0,19.73,19.76,37.11,14.3
2023-07-27,673.07,22874.57,19.28,19.83,36.09,14.54
2023-07-28,675.1,22623.14,19.33,19.23,36.54,14.38
2023-07-29,673.09,22593.67,19.05,18.94,34.46,13.23
2023-07-30,667.5,22706.79,18.88,19.08,35.42,13.72
2023-07-31,672.68,22607.25,19.07,19.45,35.98,13.92
2023-08-01,676.74,22630.65,20.1,19.66,36.26,14.28
2023-08-02,677.05,22412.14,18.66,18.51,35.05,13.39
2023-08-03,687.09,22274.52,19.42,19.49,35.63,13.92
2023-08-04,682.55,22135.48,19.1,19.44,35.16,13.87
2023-08-05,675.72,21862.23,18.84,19.08,35.32,13.41
2023-08-06,673.07,21732.41,20.02,19.63,36.08,14.43
2023-08-07,673.64,21260.64,19.19,19.15,37.46,13.93
2023-08-08,675.66,21054.27,19.31,19.48,36.44,14.3
2023-08-09,675.25,20900.52,18.97,18.81,34.56,13.45
2023-08-10,677.81,20755.04,19.02,19.27,35.01,13.68
2023-08-11,672.35,20614.33,19.87,19.42,34.81,13.66
2023-08-12,680.36,20519.69,19.79,19.39,35.25,14.07
2023-08-13,680.74,20561.5,18.3,18.44,34.19,12.97
2023-08-14,687.12,20703.26,18.73,18.92,35.85,14.17
2023-08-15,689.63,20465.15,18.06,18.85,35.54,13.18
2023-08-16,692.7,20089.91,18.67,19.11,35.5,13.84
2023-08-17,696.33,19756.2,18.74,19.15,35.23,14.26
2023-08-18,699.36,19562.47,18.56,18.52,34.43,13.52
2023-08-19,703.35,19403.84,18.8,18.9,34.65,13.66
2023-08-20,710.78,19142.01,17.69,18.1,34.51,12.74
2023-08-21,712.54,18749.98,19.31,19.39,35.76,13.55
2023-08-22,716.86,18569.29,18.77,18.62,34.39,13.64
2023-08-23,717.19,18549.37,19.0,18.85,33.53,14.02
2023-08-24,725.16,18634.23,18.27,18.84,34.74,13.44
2023-08-25,722.55,18432.39,19.29,19.33,36.26,13.57
2023-08-26,732.33,18268.08,17.42,17.83,32.35,12.1
2023-08-27,732.89,17976.8,19.15,18.88,34.48,13.3
2023-08-28,726.5,17910.78,18.96,18.73,35.12,13.45
2023-08-29,727.91,17642.01,18.26,18.53,33.39,13.82
2023-08-30,725.26,17730.11,19.16,19.39,36.5,14.16
2023-08-31,730.22,17229.99,18.13,18.27,33.48,13.24
2023-09-01,727.72,17087.95,18.18,18.85,34.64,13.45
2023-09-02,726.24,17112.64,18.77,18.67,33.86,13.27
2023-09-03,717.54,17109.57,18.82,18.9,35.19,14.03
2023-09-04,716.03,17735.37,18.59,18.29,35.32,13.23
2023-09-05,704.66,17776.96,17.78,18.11,33.97,12.41
2023-09-06,697.48,17481.68,18.46,18.65,33.97,13.22
2023-09-07,702.03,17415.16,17.97,18.43,34.77,13.01
2023-09-08,706.69,16930.08,17.26,17.56,32.3,12.48
2023-09-09,709.56,16870.55,17.63,17.99,34.1,13.12
2023-09-10,705.46,16624.55,18.52,18.22,34.2,13.09
2023-09-11,705.95,16817.33,18.26,18.47,32.4,13.28
2023-09-12,706.66,16645.55,17.86,17.82,32.37,13.23
2023-09-13,701.59,16583.65,16.72,16.83,31.71,11.91
2023-09-14,709.83,16393.74,17.89,18.27,33.9,13.72
2023-09-15,714.94,16799.14,17.73,17.78,32.27,12.6
2023-09-16,714.55,16691.22,17.6,17.42,31.84,12.57
2023-09-17,715.4,17123.47,16.87,17.24,30.74,12.32
2023-09-18,717.15,17302.85,19.02,18.77,34.68,13.55
2023-09-19,707.65,17400.94,18.13,18.39,35.34,13.37
2023-09-20,707.12,17472.44,18.11,18.26,34.26,13.28
2023-09-21,704.42,17551.96,19.05,18.89,36.26,13.37
2023-09-22,700.11,17052.85,18.17,18.37,34.52,12.89
2023-09-23,699.4,16967.7,18.74,18.73,35.26,14.23
2023-09-24,709.08,17165.33,17.63,17.73,33.98,12.62
2023-09-25,712.98,17141.21,18.36,18.32,34.12,13.4
2023-09-26,710.81,16779.78,16.84,17.55,32.35,12.15
2023-09-27,714.36,16758.32,17.6,18.15,34.2,12.98
2023-09-28,722.03,17177.77,18.57,18.38,34.88,13.2
2023-09-29,727.33,17484.69,19.22,18.91,34.69,13.75
2023-09-30,728.31,17466.16,18.41,18.68,34.13,12.63
2023-10-01,725.74,17702.78,18.87,18.95,35.13,13.69
2023-10-02,729.9,17611.68,19.1,19.01,35.67,13.34
2023-10-03,732.53,17188.03,19.71,19.51,36.57,14.14
2023-10-04,737.67,16961.0,17.92,18.53,33.42,13.03
2023-10-05,741.51,17357.6,18.19,18.45,35.29,13.03
2023-10-06,747.41,17296.75,18.9,19.0,34.76,13.6
2023-10-07,745.38,17245.32,18.74,18.53,34.13,13.03
2023-10-08,752.62,17181.55,20.29,19.54,35.6,13.92
2023-10-09,754.25,17670.55,18.93,19.0,36.77,13.32
2023-10-10,765.26,18091.76,18.76,19.18,35.63,13.26
2023-10-11,762.45,18662.94,19.47,19.35,35.28,14.24
2023-10-12,771.77,18641.41,20.35,19.96,37.44,13.98
2023-10-13,773.39,18735.3,19.69,19.66,36.83,14.1
2023-10-14,770.75,18377.87,19.05,19.32,35.63,14.13
2023-10-15,768.96,18770.57,20.62,20.33,38.12,14.45
2023-10-16,767.97,18503.82,19.43,19.23,35.08,13.6
2023-10-17,770.71,18584.94,19.34,19.65,36.06,14.22
2023-10-18,773.93,18339.24,19.99,19.87,35.56,14.64
2023-10-19,771.67,18222.36,19.19,18.89,34.15,13.25
2023-10-20,772.15,18045.08,20.04,19.69,37.51,14.13
2023-10-21,783.46,17926.84,19.19,19.21,36.52,13.31
2023-10-22,792.69,17827.46,19.96,20.07,37.16,14.33
2023-10-23,795.46,17727.46,19.73,19.37,36.82,13.95
2023-10-24,796.24,17974.51,19.75,20.11,37.11,14.23
2023-10-25,797.42,17738.67,20.36,20.23,37.27,14.43
2023-10-26,801.07,17835.8,19.8,20.21,37.42,14.13
2023-10-27,796.53,18183.91,20.32,20.0,36.93,14.43
2023-10-28,795.81,18100.84,19.7,19.77,36.45,14.55
2023-10-29,788.04,17968.18,19.86,19.48,36.72,13.7
2023-10-30,790.59,17958.95,20.48,20.34,37.71,14.45
2023-10-31,794.39,18303.85,19.26,19.63,36.74,14.28
2023-11-01,792.53,18403.89,19.92,19.49,36.68,14.4
2023-11-02,800.95,18324.14,20.74,20.28,37.75,14.15
2023-11-03,795.36,18499.68,19.93,19.66,35.79,14.11
2023-11-04,788.58,18280.18,19.2,19.43,35.14,14.08
2023-11-05,790.24,18508.08,19.24,19.33,35.85,13.89
2023-11-06,796.01,18669.26,19.89,19.85,36.62,13.55
2023-11-07,804.95,18652.79,19.93,20.14,37.31,14.65
2023-11-08,803.18,18505.06,20.7,20.2,37.35,15.0
2023-11-09,809.1,18346.72,20.56,20.52,39.51,14.81
2023-11-10,809.42,18545.16,19.6,20.42,36.97,14.39
2023-11-11,809.06,18918.51,20.34,20.24,36.24,14.42
2023-11-12,813.99,18826.65,20.17,20.28,37.71,15.13
2023-11-13,817.75,19010.05,20.65,20.67,38.02,15.16
2023-11-14,810.37,18558.41,20.62,20.73,38.54,15.12
2023-11-15,818.24,18483.68,20.61,20.37,38.03,14.77
2023-11-16,825.63,18548.61,20.6,20.26,38.25,14.39
2023-11-17,822.98,18395.14,20.05,19.97,36.03,14.32
2023-11-18,825.44,18236.19,19.67,19.77,36.25,14.21
2023-11-19,828.38,18145.64,20.62,20.64,38.43,15.02
2023-11-20,830.16,18296.26,20.68,20.67,38.71,15.34
2023-11-21,827.87,18328.17,20.41,20.65,39.51,15.2
2023-11-22,824.97,17848.5,20.35,20.18,37.9,14.1
2023-11-23,825.3,17399.32,20.8,20.66,38.19,14.94
2023-11-24,831.61,17329.7,20.44,19.98,36.43,14.61
2023-11-25,834.77,17527.28,21.04,20.66,37.89,15.06
2023-11-26,833.36,16924.62,19.86,20.06,36.76,14.26
2023-11-27,837.65,16884.91,20.13,19.89,37.18,15.19
2023-11-28,823.84,16839.57,19.86,20.15,37.43,14.12
2023-11-29,830.01,17273.84,20.5,20.3,36.75,14.29
2023-11-30,821.73,17265.72,19.99,20.15,37.01,14.58
2023-12-01,820.34,17450.51,19.77,20.07,37.66,15.09
2023-12-02,815.15,17575.76,20.07,19.98,37.18,14.14
2023-12-03,809.08,17133.92,19.93,20.73,38.69,14.85
2023-12-04,815.29,17417.61,19.9,20.43,38.02,15.03
2023-12-05,813.34,17563.9,20.21,20.26,38.45,14.58
2023-12-06,815.47,17784.2,20.14,20.11,37.35,14.38
2023-12-07,815.62,18859.74,20.68,20.8,38.24,15.14
2023-12-08,818.39,18433.42,20.04,20.51,37.4,14.85
2023-12-09,819.15,18960.0,20.24,20.49,38.05,15.06
2023-12-10,813.1,18984.21,20.39,20.27,36.04,14.98
2023-12-11,818.45,19152.76,20.66,20.49,37.8,14.85
2023-12-12,816.34,19238.71,19.24,19.25,35.49,13.95
2023-12-13,808.91,19230.57,20.83,20.49,37.08,14.81
2023-12-14,807.12,19186.58,20.29,20.17,36.75,14.67
2023-12-15,814.97,19367.95,20.95,21.17,39.65,15.26
2023-12-16,819.56,19088.15,20.44,20.53,38.11,14.78
2023-12-17,818.15,19375.75,19.69,20.11,37.26,14.84
2023-12-18,816.74,19372.09,20.51,20.54,38.19,15.25
2023-12-19,815.45,19190.37,20.4,20.07,37.19,14.0
2023-12-20,826.16,19179.05,21.04,20.84,39.29,15.0
2023-12-21,828.38,19594.86,21.34,20.92,38.78,14.86
2023-12-22,830.84,19562.87,21.12,21.21,38.37,15.18
2023-12-23,836.29,19754.61,21.06,20.65,39.19,14.99
2023-12-24,837.78,19674.26,20.92,20.98,39.04,15.31
2023-12-25,836.78,19966.35,20.94,20.5,37.56,14.72
2023-12-26,836.09,20240.53,21.39,21.39,38.83,14.83
2023-12-27,836.01,20805.66,21.7,21.49,39.99,15.18
2023-12-28,836.1,20864.88,21.94,21.5,39.7,15.75
2023-12-29,840.01,21135.25,21.38,21.44,40.61,14.62
2023-12-30,840.54,21263.05,21.72,21.65,39.85,15.95
2023-12-31,844.46,21690.35,22.7,22.32,40.78,16.22
2024-01-01,844.31,21613.98,21.49,21.53,40.38,15.9
2024-01-02,844.95,21903.55,21.4,21.8,40.89,15.64
2024-01-03,835.21,21958.15,21.82,21.18,39.29,14.63
2024-01-04,840.03,22045.3,21.23,21.37,39.93,15.51
2024-01-05,841.99,22171.32,21.87,21.82,40.35,16.09
2024-01-06,847.21,22337.32,22.7,22.35,41.49,16.37
2024-01-07,832.95,22411.04,21.43,21.62,40.69,15.36
2024-01-08,843.61,22567.28,21.53,21.83,40.76,15.74
2024-01-09,843.12,23064.15,21.98,21.9,40.42,15.61
2024-01-10,848.87,23412.59,21.5,22.04,41.59,15.63
2024-01-11,843.87,23731.66,22.31,22.4,40.01,16.41
2024-01-12,847.13,23719.23,21.8,21.72,41.42,15.28
2024-01-13,842.05,23598.02,22.64,22.72,41.01,16.09
2024-01-14,839.12,23937.57,21.54,22.0,40.33,15.51
2024-01-15,848.86,24256.89,23.28,22.8,42.15,15.97
2024-01-16,848.08,24724.92,22.16,22.13,40.85,15.98
2024-01-17,849.34,24673.32,23.34,22.91,42.99,16.84
2024-01-18,853.85,24714.82,22.91,22.99,41.9,16.5
2024-01-19,856.48,24403.31,22.56,22.82,42.38,15.98
2024-01-20,857.38,24402.99,22.36,22.28,40.88,16.3
2024-01-21,859.35,24749.34,22.85,22.91,42.57,17.0
2024-01-22,871.51,24729.31,22.16,22.52,41.62,16.02
2024-01-23,871.35,24985.38,23.41,22.96,42.54,16.39
2024-01-24,872.49,25033.02,23.32,23.51,43.16,17.08
2024-01-25,877.86,25208.6,23.0,23.55,43.26,17.44
2024-01-26,883.51,25015.51,23.66,23.26,43.21,16.59
2024-01-27,889.55,25129.88,22.84,22.99,43.1,16.15
2024-01-28,892.85,24474.39,23.31,23.49,43.1,17.1
2024-01-29,887.24,24519.13,22.64,23.17,42.35,16.92
2024-01-30,895.5,24202.15,22.79,22.26,41.56,16.03
2024-01-31,889.85,24593.41,23.15,23.54,43.53,16.78
2024-02-01,891.45,24876.62,23.34,23.33,43.65,17.09
2024-02-02,887.75,25081.24,24.1,23.82,43.53,17.31
2024-02-03,887.5,25548.48,23.17,23.04,41.55,16.36
2024-02-04,889.21,25397.28,22.17,22.19,40.73,15.99
2024-02-05,890.88,25919.14,23.24,23.75,43.48,16.69
2024-02-06,893.04,26236.19,23.64,23.88,44.14,17.4
2024-02-07,901.16,26260.0,23.28,23.22,42.57,16.64
2024-02-08,903.47,26625.79,23.41,23.65,44.19,16.9
2024-02-09,902.29,26429.99,25.13,25.07,46.2,18.04
2024-02-10,907.14,26303.52,24.08,23.88,44.26,17.2
2024-02-11,913.11,26229.88,24.65,24.36,45.16,17.81
2024-02-12,906.99,26174.98,23.33,23.7,43.96,17.24
2024-02-13,910.0,25986.99,23.77,23.11,42.74,16.59
2024-02-14,913.51,26367.7,24.28,24.04,44.79,17.54
2024-02-15,912.03,26376.69,23.99,23.99,43.9,17.39
2024-02-16,918.9,26537.25,24.41,24.08,45.4,17.21
2024-02-17,918.14,26465.83,24.88,24.17,44.57,17.36
2024-02-18,918.76,26080.53,23.78,24.21,44.0,17.39
2024-02-19,917.87,26216.59,24.01,24.07,44.65,17.48
2024-02-20,917.92,25805.72,22.79,23.5,42.97,16.81
2024-02-21,912.41,25854.39,24.19,24.14,45.05,17.26
2024-02-22,905.17,25576.77,23.08,22.97,43.82,17.13
2024-02-23,913.1,26136.64,23.21,23.22,42.48,17.0
2024-02-24,908.82,26426.11,24.16,24.36,45.26,17.31
2024-02-25,903.81,26512.74,23.6,24.21,43.74,17.61
2024-02-26,892.98,26887.4,24.05,23.94,44.56,17.27
2024-02-27,889.72,26733.09,23.74,23.31,42.59,16.9
2024-02-28,883.03,26924.74,23.36,23.54,43.17,16.99
2024-02-29,891.17,27028.96,24.0,23.87,43.5,17.54
2024-03-01,896.13,27147.71,22.98,23.45,43.82,16.99
2024-03-02,892.61,27517.0,23.99,23.85,44.72,17.15
2024-03-03,903.77,27749.78,24.52,24.64,45.6,18.06
2024-03-04,908.58,27870.05,24.83,25.06,45.84,18.11
2024-03-05,906.85,27502.83,23.96,24.19,45.7,17.45
2024-03-06,894.25,27307.72,24.29,24.41,44.71,17.67
2024-03-07,905.59,27320.34,23.63,23.51,42.2,16.9
2024-03-08,898.52,27385.36,24.06,24.46,45.52,17.61
2024-03-09,890.16,27142.85,23.55,23.67,43.13,16.87
2024-03-10,895.14,27784.16,24.37,24.39,45.71,17.33
2024-03-11,907.2,28199.99,24.14,24.47,45.04,17.32
2024-03-12,913.98,28385.59,25.79,25.25,47.08,17.76
2024-03-13,916.65,28436.98,24.17,24.43,46.04,17.33
2024-03-14,919.46,28415.63,24.87,25.07,45.65,18.0
2024-03-15,923.57,28207.65,24.41,24.7,45.36,17.82
2024-03-16,927.2,28255.31,25.36,24.82,45.87,17.79
2024-03-17,928.43,28346.32,25.02,24.86,46.91,17.19
2024-03-18,928.77,28060.73,24.23,24.51,44.95,18.12
2024-03-19,928.28,28167.39,25.2,24.87,45.65,18.23
2024-03-20,924.32,28149.96,24.84,24.78,46.14,17.98
2024-03-21,922.72,27692.64,24.82,24.75,45.43,18.39
2024-03-22,914.06,27495.43,24.39,24.49,45.4,17.34
2024-03-23,913.36,27408.16,24.52,24.74,44.84,18.38
2024-03-24,908.2,27894.46,24.96,24.86,47.32,17.61
2024-03-25,902.47,28046.2,23.87,24.03,43.65,17.37
2024-03-26,903.15,27723.17,25.26,24.71,45.52,17.41
2024-03-27,909.88,27853.74,23.65,24.03,44.44,17.31
2024-03-28,914.24,27474.21,25.15,24.69,46.83,17.89
2024-03-29,906.15,27750.4,24.63,24.67,44.84,17.71
2024-03-30,900.95,27636.35,23.63,23.54,44.74,17.16
2024-03-31,905.41,27614.9,24.65,24.4,45.6,17.6
2024-04-01,900.24,27946.53,24.01,24.2,45.02,17.27
2024-04-02,898.86,27623.14,24.23,23.97,43.75,17.09
2024-04-03,901.34,27270.47,23.93,24.74,46.11,18.06
2024-04-04,896.23,27119.42,23.6,23.82,43.63,16.95
2024-04-05,896.48,27372.07,23.56,23.84,44.86,17.44
2024-04-06,889.53,26983.53,23.59,23.97,43.76,17.62
2024-04-07,886.23,26265.0,23.88,23.95,44.23,16.74
2024-04-08,887.54,26139.96,23.71,23.6,43.32,17.33
2024-04-09,879.28,26263.88,24.25,24.03,43.87,17.92
2024-04-10,881.18,26548.16,23.97,23.89,44.65,17.28
2024-04-11,880.77,26414.84,22.57,22.76,42.44,16.57
2024-04-12,883.22,26292.69,23.54,23.42,44.06,17.18
2024-04-13,884.02,26560.14,23.54,23.5,42.41,16.84
2024-04-14,890.52,26069.93,24.15,23.87,44.8,17.24
2024-04-15,890.81,25948.29,22.83,22.6,43.31,15.88
2024-04-16,888.33,25969.67,24.64,24.64,45.3,17.78
2024-04-17,888.6,26054.03,23.59,23.86,45.27,17.33
2024-04-18,890.97,25896.92,23.5,23.69,43.67,17.21
2024-04-19,890.87,25874.17,23.93,24.1,43.76,17.67
2024-04-20,890.72,25219.04,24.27,24.36,44.89,17.31
2024-04-21,886.84,25019.75,23.74,23.66,44.39,16.87
2024-04-22,883.16,25096.72,23.87,23.66,43.26,17.6
2024-04-23,875.78,24813.09,23.12,23.13,42.44,16.61
2024-04-24,884.15,24788.12,23.15,23.14,43.17,16.72
2024-04-25,877.55,24858.49,22.97,22.93,42.42,16.49
2024-04-26,873.7,24729.88,22.54,22.69,42.33,16.09
2024-04-27,869.72,24727.91,22.41,22.69,42.12,16.82
2024-04-28,873.8,24441.04,21.87,22.4,41.73,15.97
2024-04-29,871.92,24341.62,22.64,22.85,42.01,16.11
2024-04-30,877.75,24444.83,22.47,22.33,41.44,15.94
2024-05-01,873.98,24433.18,22.81,23.02,42.02,15.97
2024-05-02,874.96,24234.11,22.81,22.88,43.1,16.28
2024-05-03,870.36,24236.2,23.02,22.89,41.96,16.19
2024-05-04,880.66,24359.37,22.97,22.81,42.87,16.61
2024-05-05,874.29,23789.92,23.66,23.98,44.23,17.07
2024-05-06,875.4,24021.24,23.68,23.38,43.38,17.1
2024-05-07,878.13,23877.28,22.68,22.34,41.03,16.5
2024-05-08,879.76,23922.3,22.63,22.97,41.88,16.77
2024-05-09,878.38,24158.85,22.43,22.68,40.91,16.27
2024-05-10,877.28,23751.76,22.74,22.38,40.77,16.16
2024-05-11,877.04,23508.84,22.13,22.17,40.82,15.51
2024-05-12,875.84,23369.77,22.16,22.82,42.35,16.39
2024-05-13,880.19,23105.57,21.94,22.36,41.98,15.84
2024-05-14,890.77,23469.7,23.21,23.29,42.82,16.98
2024-05-15,887.5,23184.61,22.82,23.17,42.33,17.45
2024-05-16,880.17,22973.53,23.02,23.14,41.95,16.81
2024-05-17,879.24,22951.18,22.24,22.23,41.42,15.41
2024-05-18,891.65,22575.95,23.28,22.84,43.08,16.33
2024-05-19,887.13,22401.12,22.69,22.78,42.9,16.44
2024-05-20,894.83,22403.38,22.78,22.45,41.97,16.19
2024-05-21,902.71,22241.89,22.83,22.4,41.83,15.91
2024-05-22,899.43,22139.11,23.71,23.28,44.08,16.83
2024-05-23,901.76,21926.22,22.78,22.7,42.19,15.97
2024-05-24,909.39,21465.94,22.25,22.83,42.63,16.16
2024-05-25,906.97,21463.6,22.35,22.21,40.9,16.19
2024-05-26,905.42,21818.55,22.45,22.14,40.14,15.64
2024-05-27,901.98,21738.32,22.3,22.32,40.89,16.23
2024-05-28,896.37,21708.81,22.93,22.41,41.45,15.72
2024-05-29,892.58,21795.19,22.26,22.0,40.74,16.37
2024-05-30,885.92,21390.1,22.37,22.2,42.23,15.75
2024-05-31,885.54,21727.05,21.95,21.63,40.06,15.5
2024-06-01,881.14,21688.04,21.88,21.78,40.99,15.78
2024-06-02,881.75,22005.55,21.85,22.6,41.54,16.1
2024-06-03,873.41,21730.99,22.21,22.36,41.18,16.14
2024-06-04,874.49,22093.38,22.45,22.09,40.07,16.08
2024-06-05,878.09,22194.25,21.68,21.92,40.11,16.07
2024-06-06,867.55,22238.82,21.71,21.77,40.6,15.91
2024-06-07,868.84,22202.91,21.73,22.04,40.79,15.82
2024-06-08,874.4,22045.65,23.02,22.49,42.17,16.15
2024-06-09,867.76,22249.97,23.07,22.56,41.85,16.95
2024-06-10,875.53,22188.59,21.83,22.09,40.66,16.19
2024-06-11,877.03,21599.74,21.72,21.67,41.39,15.33
2024-06-12,872.91,21222.76,21.86,22.07,40.77,15.92
2024-06-13,872.03,21078.05,21.76,21.57,40.61,15.43
2024-06-14,874.21,21056.76,21.88,21.72,39.95,15.6
2024-06-15,873.98,20943.32,22.67,22.42,41.91,15.78
2024-06-16,876.06,21148.29,22.42,22.32,41.84,15.94
2024-06-17,870.84,20560.29,22.67,21.79,40.44,16.24
2024-06-18,871.07,20495.55,20.9,21.21,37.82,15.44
2024-06-19,863.37,19940.02,21.0,21.52,39.82,14.75
2024-06-20,862.19,20028.56,21.75,21.87,41.19,16.11
2024-06-21,857.04,19903.23,20.71,21.18,39.49,15.57
2024-06-22,852.72,19906.11,21.36,21.8,40.6,15.59
2024-06-23,858.26,19587.85,21.47,21.77,39.24,15.89
2024-06-24,863.08,19805.2,21.78,22.05,40.37,15.62
2024-06-25,865.47,19962.89,21.31,21.59,40.19,15.41
2024-06-26,859.36,20005.87,21.78,21.63,40.26,16.02
2024-06-27,857.13,19870.43,21.73,21.88,41.21,15.67
2024-06-28,862.53,19912.22,21.54,21.59,39.86,14.98
2024-06-29,862.58,19632.24,21.4,21.13,39.33,15.19
2024-06-30,873.51,19742.82,21.12,21.35,39.5,15.35
2024-07-01,874.81,20051.85,21.65,21.73,39.61,16.01
2024-07-02,875.1,20216.17,21.28,21.18,37.82,15.25
2024-07-03,872.88,19930.47,20.93,21.52,40.06,15.36
2024-07-04,872.87,19917.59,21.29,22.01,40.82,16.16
2024-07-05,871.43,19491.18,20.65,20.54,37.63,14.83
2024-07-06,874.28,19531.27,22.24,22.09,39.89,15.68
2024-07-07,878.38,19541.08,22.61,21.99,41.05,16.18
2024-07-08,873.76,18970.97,21.16,21.11,38.9,15.26
2024-07-09,866.41,18578.09,21.53,21.29,39.71,15.33
2024-07-10,856.53,18405.13,20.81,20.87,39.73,15.08
2024-07-11,858.37,18228.01,21.43,21.34,38.19,15.04
2024-07-12,852.15,17824.05,21.52,21.02,38.47,14.98
2024-07-13,840.68,17820.05,19.26,19.9,36.68,14.33
2024-07-14,841.92,17782.04,20.82,20.7,39.16,14.84
2024-07-15,853.67,17632.99,21.15,20.51,36.97,15.15
2024-07-16,852.92,17344.0,20.61,20.53,39.14,14.85
2024-07-17,856.4,17506.59,20.8,20.31,37.65,14.88
2024-07-18,856.09,17821.35,21.2,21.39,39.51,15.4
2024-07-19,854.87,17601.88,21.01,21.02,38.77,15.45
2024-07-20,858.74,17350.81,20.3,20.29,37.28,14.73
2024-07-21,856.56,17376.17,19.36,20.03,37.68,14.42
2024-07-22,857.17,17189.82,20.01,20.36,37.03,14.66
2024-07-23,858.04,17058.76,20.33,20.66,38.43,14.59
2024-07-24,853.96,17148.13,20.8,20.55,37.79,14.95
2024-07-25,858.19,16575.94,21.11,20.85,38.11,15.0
2024-07-26,856.57,16811.39,20.81,20.71,39.86,14.76
2024-07-27,852.05,16736.18,20.94,20.69,38.53,15.23
2024-07-28,853.98,16540.7,20.35,20.4,38.11,14.31
2024-07-29,848.74,16426.59,19.96,19.6,36.95,13.99
2024-07-30,848.13,16326.23,20.04,20.04,36.22,14.74
2024-07-31,847.33,15803.32,20.39,20.38,38.75,14.76
2024-08-01,852.01,16087.82,20.01,20.09,35.65,14.45
2024-08-02,853.62,16009.84,20.51,20.31,37.11,14.7
2024-08-03,852.74,16033.21,19.85,19.97,36.68,14.43
2024-08-04,856.06,16184.68,20.08,19.78,36.95,13.79
2024-08-05,862.25,15843.96,19.8,20.14,37.39,14.39
2024-08-06,864.27,15877.92,20.02,20.35,37.55,15.14
2024-08-07,863.55,15727.64,20.12,19.91,36.83,14.14
2024-08-08,856.22,15857.02,19.98,20.01,36.42,14.31
2024-08-09,850.12,15243.99,19.31,19.45,35.08,13.84
2024-08-10,847.82,15139.11,20.47,20.21,37.82,14.52
2024-08-11,844.0,14909.43,19.33,19.52,36.52,13.88
2024-08-12,842.28,14939.68,20.14,20.2,38.32,14.69
2024-08-13,841.79,14980.57,20.65,20.23,36.96,14.63
2024-08-14,843.65,14728.23,20.0,19.54,36.57,14.3
2024-08-15,842.51,14475.99,19.55,19.08,35.12,13.42
2024-08-16,844.16,14375.38,18.56,18.64,35.2,13.32
2024-08-17,843.69,14079.54,19.16,18.79,35.38,13.46
2024-08-18,833.03,14219.66,18.43,18.71,34.74,13.61
2024-08-19,827.54,14058.29,19.41,19.68,36.21,13.93
2024-08-20,826.03,13263.81,18.21,18.92,35.57,13.89
2024-08-21,819.18,13103.72,19.38,18.87,35.31,13.95
2024-08-22,821.39,12779.08,17.51,17.77,32.46,12.5
2024-08-23,828.24,12307.64,18.1,18.14,32.76,12.91
2024-08-24,833.54,11936.09,18.67,18.94,34.86,13.48
2024-08-25,831.67,11902.67,18.87,18.66,35.43,14.23
2024-08-26,838.32,12175.51,18.56,18.67,35.22,13.31
2024-08-27,838.26,12195.95,18.57,18.96,34.41,14.15
2024-08-28,835.77,11987.95,19.42,19.29,34.98,13.51
2024-08-29,831.9,12047.05,18.07,18.5,35.0,13.03
2024-08-30,829.58,11878.92,18.28,18.54,33.61,13.14
2024-08-31,826.83,11653.45,17.84,18.48,34.49,13.05
2024-09-01,826.87,11314.58,18.83,19.25,35.25,13.78
2024-09-02,826.86,10827.91,17.37,17.31,33.0,12.25
2024-09-03,826.06,10683.29,17.78,18.37,33.52,12.98
2024-09-04,827.44,10677.26,17.62,18.07,34.11,13.36
2024-09-05,832.58,10609.16,18.4,18.4,34.15,13.61
2024-09-06,836.51,10462.84,17.76,17.92,33.31,13.19
2024-09-07,828.27,10185.71,18.56,17.96,32.04,13.09
2024-09-08,814.68,10298.72,18.64,18.09,32.15,13.06
2024-09-09,818.54,9932.04,18.74,19.0,35.02,13.53
2024-09-10,810.88,10090.31,18.18,18.01,33.47,12.68
2024-09-11,808.94,9805.69,17.46,17.24,31.21,12.52
2024-09-12,802.27,9585.21,17.06,17.24,31.24,12.06
2024-09-13,792.44,9187.84,16.51,16.96,31.72,11.91
2024-09-14,794.32,9033.51,16.4,16.41,30.69,12.16
2024-09-15,797.3,9250.08,17.05,17.1,31.56,12.88
2024-09-16,793.59,9353.44,17.37,17.5,32.85,12.72
2024-09-17,779.81,9574.24,16.69,16.56,29.93,12.25
2024-09-18,776.26,9682.7,17.24,17.47,32.1,12.5
2024-09-19,777.39,9386.44,16.83,17.17,32.76,11.96
2024-09-20,769.17,9285.16,16.56,16.53,30.62,12.08
2024-09-21,769.27,9073.27,16.82,16.7,30.98,12.2
2024-09-22,768.36,9390.84,17.13,17.48,33.73,12.61
2024-09-23,770.44,9078.33,17.35,17.07,30.75,12.22
2024-09-24,770.21,9290.21,16.31,16.84,31.64,12.42
2024-09-25,764.52,9503.68,16.55,16.72,31.94,11.75
2024-09-26,769.67,9953.08,16.98,17.06,31.37,12.05
2024-09-27,768.05,9844.43,16.58,16.77,31.54,11.77
2024-09-28,767.09,10018.06,16.0,16.17,29.33,11.67
2024-09-29,761.6,10585.81,18.48,17.92,32.73,12.57
2024-09-30,758.55,10430.51,16.81,17.07,31.81,12.08
2024-10-01,753.3,10047.64,17.71,16.97,31.88,12.01
2024-10-02,751.61,9580.3,16.76,16.63,31.43,11.89
2024-10-03,759.34,9762.93,16.55,16.52,31.51,11.45
2024-10-04,751.66,9298.37,16.63,16.49,30.47,11.9
2024-10-05,742.76,9213.29,16.52,15.77,29.88,11.73
2024-10-06,749.29,9332.39,17.15,17.45,32.08,12.6
2024-10-07,747.42,9390.23,15.7,16.03,30.21,12.01
2024-10-08,743.25,9509.91,15.86,16.09,29.89,11.98
2024-10-09,747.62,9580.55,16.42,16.41,30.63,12.05
2024-10-10,743.77,9917.1,16.63,17.15,31.98,12.37
2024-10-11,752.08,9697.61,16.7,16.7,29.93,12.03
2024-10-12,754.64,9548.7,16.7,16.19,29.28,11.89
2024-10-13,751.38,9377.61,17.13,17.09,31.67,12.18
2024-10-14,761.34,9608.97,17.01,17.1,30.61,11.74
2024-10-15,757.49,9859.61,16.85,17.04,32.01,12.41
2024-10-16,760.38,9999.68,17.46,17.19,32.33,12.04
2024-10-17,761.05,10324.53,17.72,17.97,33.44,12.65
2024-10-18,766.74,10060.7,18.45,17.89,32.43,12.88
2024-10-19,773.73,10509.88,17.56,16.98,32.25,12.2
2024-10-20,773.07,10924.75,18.1,18.02,34.56,12.55
2024-10-21,768.49,11144.39,17.52,17.52,32.51,12.67
2024-10-22,769.97,11627.24,18.05,17.74,33.12,13.06
2024-10-23,765.76,11252.13,17.01,16.69,30.99,11.67
2024-10-24,775.01,11161.72,17.16,17.41,32.52,12.91
2024-10-25,774.88,11020.21,16.95,17.1,31.57,11.85
2024-10-26,772.24,11244.53,17.39,17.79,32.89,13.44
2024-10-27,772.35,11027.54,17.94,17.82,33.51,12.71
2024-10-28,764.8,11264.05,16.72,16.52,31.97,11.94
2024-10-29,759.13,11655.4,16.97,17.37,31.3,11.94
2024-10-30,764.33,11879.48,17.84,17.98,33.2,12.93
2024-10-31,760.23,12002.24,17.03,17.43,31.54,12.62
2024-11-01,754.19,11808.63,17.38,17.65,33.6,12.68
2024-11-02,756.07,11651.79,17.64,17.48,31.98,12.41
2024-11-03,761.19,12020.56,17.44,17.66,31.81,12.43
2024-11-04,763.98,12273.26,17.44,17.53,32.82,12.96
2024-11-05,768.16,12322.82,16.74,17.23,32.93,12.42
2024-11-06,763.58,12279.12,17.24,17.19,32.2,12.84
2024-11-07,755.67,11834.87,17.66,17.67,32.81,12.56
2024-11-08,762.38,11630.77,17.21,17.43,32.5,12.42
2024-11-09,759.97,12173.63,17.44,17.5,33.22,12.84
2024-11-10,757.92,11919.9,17.33,17.28,31.43,11.95
2024-11-11,763.77,12035.0,17.2,17.44,32.21,12.2
2024-11-12,765.76,12355.93,17.67,18.11,33.24,13.37
2024-11-13,767.25,12112.58,18.05,17.51,31.69,12.25
2024-11-14,777.28,12230.44,17.1,17.29,31.79,11.9
2024-11-15,773.28,12537.86,18.13,18.16,34.26,13.63
2024-11-16,777.13,12615.18,18.16,17.86,33.38,12.44
2024-11-17,776.64,13407.71,19.24,18.18,34.03,13.15
2024-11-18,777.2,13067.19,18.35,18.72,34.72,13.5
2024-11-19,784.06,13409.68,18.41,18.28,34.12,12.32
2024-11-20,785.82,13445.46,18.22,18.44,33.63,13.19
2024-11-21,787.74,13718.54,17.8,17.96,33.04,13.07
2024-11-22,792.33,13910.09,18.25,18.47,34.28,13.4
2024-11-23,789.73,13809.11,18.39,18.73,34.82,13.76
2024-11-24,784.77,13949.74,17.82,17.83,33.19,12.72
2024-11-25,778.78,13569.67,17.89,18.33,33.83,13.41
2024-11-26,768.18,13805.91,18.49,18.2,33.45,12.9
2024-11-27,777.7,13966.87,18.39,18.37,35.88,12.8
2024-11-28,771.42,14213.91,18.88,18.75,35.23,13.11
2024-11-29,769.56,14566.76,18.41,18.55,34.56,12.92
2024-11-30,767.42,14747.89,18.92,19.03,35.06,14.0
2024-12-01,768.2,14875.02,18.17,18.09,33.19,12.57
2024-12-02,771.53,14745.73,18.2,18.55,34.24,13.44
2024-12-03,775.08,14659.47,18.45,18.56,34.51,13.28
2024-12-04,771.42,15048.76,17.9,18.16,32.46,13.04
2024-12-05,769.84,15501.22,18.81,19.08,34.36,14.15
2024-12-06,770.51,15535.83,19.02,19.65,35.97,14.02
2024-12-07,768.53,15642.18,19.12,18.71,34.74,13.66
2024-12-08,775.83,15511.57,18.79,18.99,34.99,13.69
2024-12-09,777.55,15900.96,19.32,18.97,35.98,13.61
2024-12-10,780.49,16164.16,19.09,18.77,33.84,14.21
2024-12-11,783.08,16746.91,18.16,18.54,33.85,12.92
2024-12-12,788.22,16625.36,18.7,19.03,36.11,14.09
2024-12-13,788.4,16629.43,19.53,18.76,34.78,13.7
2024-12-14,781.2,16786.39,20.46,19.94,37.41,14.21
2024-12-15,782.48,17047.59,19.3,19.31,36.95,14.39
2024-12-16,778.51,17093.72,19.24,19.17,35.04,13.25
2024-12-17,775.15,16975.96,19.39,19.58,36.16,13.94
2024-12-18,777.38,17297.19,19.03,18.9,34.8,13.25
2024-12-19,782.86,17578.72,18.99,19.21,34.37,13.95
2024-12-20,782.27,17451.24,18.89,19.5,35.88,13.7
2024-12-21,783.11,17892.01,19.63,20.03,37.58,14.55
2024-12-22,790.92,18286.74,20.06,20.05,37.42,14.38
2024-12-23,791.43,18422.75,19.66,20.0,37.37,14.25
2024-12-24,803.75,18545.3,20.13,20.15,37.05,14.63
2024-12-25,805.89,18786.66,20.06,20.38,37.32,14.6
2024-12-26,796.4,18674.23,19.89,20.13,38.0,14.17
2024-12-27,799.49,18784.87,19.97,19.72,36.18,15.04
2024-12-28,800.72,18350.0,20.11,20.03,37.24,14.28
2024-12-29,806.49,18672.41,19.77,19.77,36.67,13.57
2024-12-30,809.19,18385.37,20.45,20.19,38.22,14.28
2024-12-31,807.83,18864.57,20.23,20.08,37.74,14.08
2025-01-01,801.04,18885.35,21.63,21.2,38.44,15.51
2025-01-02,799.33,18935.7,20.02,20.15,36.57,14.61
2025-01-03,794.42,18881.94,19.39,19.52,36.46,14.17
2025-01-04,790.87,18912.98,19.59,19.98,36.93,14.28
2025-01-05,793.16,19370.53,20.29,20.42,37.5,14.62
2025-01-06,800.86,18851.31,21.13,20.84,39.16,14.89
2025-01-07,802.19,19273.07,20.47,20.08,37.26,14.43
2025-01-08,795.57,19459.87,19.93,19.64,36.36,14.39
2025-01-09,797.16,19260.13,20.02,20.56,38.51,14.91
2025-01-10,802.51,19093.02,20.04,19.71,36.24,14.34
2025-01-11,798.83,19613.51,19.64,20.19,38.3,14.69
2025-01-12,797.54,19478.16,20.47,20.2,36.9,14.81
2025-01-13,796.99,19290.46,20.1,20.21,37.79,14.64
2025-01-14,792.45,19675.01,20.78,20.56,38.91,14.91
2025-01-15,795.07,19859.43,19.71,20.11,36.38,14.84
2025-01-16,793.86,19724.24,20.57,20.22,37.19,14.36
2025-01-17,795.35,19877.18,19.95,20.39,38.4,14.42
2025-01-18,790.31,19718.99,20.13,20.33,38.31,14.28
2025-01-19,787.52,20091.88,20.08,20.38,37.6,14.73
2025-01-20,790.54,20454.31,20.14,20.67,37.8,14.33
2025-01-21,788.09,20683.78,20.89,20.86,39.17,15.16
2025-01-22,796.14,20870.01,21.4,20.86,39.3,14.99
2025-01-23,793.55,21405.43,21.81,21.01,38.16,15.46
2025-01-24,794.1,21499.77,20.26,20.23,36.7,14.36
2025-01-25,798.19,21297.99,21.22,20.88,38.77,14.97
2025-01-26,790.53,21503.28,21.07,21.0,39.23,15.46
2025-01-27,781.16,22116.91,21.29,21.14,38.94,15.64
2025-01-28,772.97,21954.53,20.3,20.4,38.15,14.49
2025-01-29,778.72,21954.62,20.56,20.5,37.51,14.82
2025-01-30,775.41,22148.32,20.71,20.55,36.74,14.88
2025-01-31,787.65,22223.53,21.02,21.2,38.96,15.37
2025-02-01,784.28,22065.71,21.27,21.3,39.44,15.26
2025-02-02,784.66,22432.98,20.82,20.84,38.38,15.39
2025-02-03,791.84,23098.81,21.92,21.67,39.4,15.04
2025-02-04,801.34,23232.67,21.22,21.54,38.76,15.38
2025-02-05,811.12,23090.44,21.53,21.54,39.55,15.65
2025-02-06,816.64,22785.94,22.07,21.5,40.31,15.62
2025-02-07,821.24,22932.09,22.35,22.0,41.45,16.24
2025-02-08,823.68,23288.62,22.38,21.97,41.36,16.18
2025-02-09,827.07,23486.84,22.87,22.86,41.81,16.38
2025-02-10,823.81,23564.52,21.68,21.59,39.24,15.93
2025-02-11,819.21,23494.31,22.34,22.04,41.08,15.66
2025-02-12,818.7,23297.18,22.03,21.56,40.26,15.8
2025-02-13,817.36,23580.55,20.9,21.49,39.99,16.01
2025-02-14,814.6,23882.45,21.48,21.88,39.27,16.12
2025-02-15,817.6,23568.2,22.28,21.89,39.98,15.79
2025-02-16,821.9,24036.56,23.12,23.21,42.91,16.61
2025-02-17,821.87,24249.68,21.83,22.03,41.05,15.4
2025-02-18,828.79,24667.85,21.5,21.88,40.94,15.85
2025-02-19,822.62,24399.24,22.1,22.27,41.28,15.7
2025-02-20,821.19,24123.34,20.8,21.22,39.46,15.04
2025-02-21,817.15,24150.27,22.59,21.97,40.69,15.46
2025-02-22,807.37,24338.74,21.91,21.92,40.96,15.64
2025-02-23,806.51,24849.17,22.35,22.37,41.57,16.1
2025-02-24,805.46,25085.6,22.67,22.5,41.66,16.28
2025-02-25,812.59,25083.37,22.3,22.01,40.56,15.67
2025-02-26,815.32,24883.75,22.42,22.13,41.0,16.26
2025-02-27,809.77,25246.72,22.24,21.91,40.83,15.72
2025-02-28,818.62,25059.51,21.66,21.85,40.58,15.49
2025-03-01,824.31,25519.07,22.55,22.64,42.12,16.37
2025-03-02,826.81,25498.87,22.27,22.04,41.58,16.46
2025-03-03,825.27,25945.85,22.34,22.5,41.78,16.3
2025-03-04,820.07,26163.36,22.25,22.25,40.78,15.91
2025-03-05,817.81,26175.29,22.96,22.84,42.78,15.99
2025-03-06,822.87,26090.03,23.63,23.39,42.45,16.78
2025-03-07,831.9,26047.78,21.74,22.27,40.55,16.11
2025-03-08,839.24,26196.2,22.42,22.21,41.28,15.87
2025-03-09,836.42,26255.2,22.8,22.87,42.62,15.97
2025-03-10,830.45,26144.81,23.02,22.81,41.44,16.17
2025-03-11,830.79,26139.81,23.12,22.89,42.12,16.92
2025-03-12,821.59,26194.18,22.99,22.5,41.27,16.63
2025-03-13,822.85,25695.05,22.88,22.47,41.28,15.91
2025-03-14,821.76,25840.95,23.13,22.73,42.61,16.56
2025-03-15,819.08,25625.67,23.32,22.89,42.77,16.13
2025-03-16,810.77,25365.29,21.58,21.49,39.74,15.89
2025-03-17,813.0,24969.68,22.05,22.04,40.44,15.94
2025-03-18,810.01,24545.71,22.36,22.1,40.07,16.2
2025-03-19,803.84,24229.63,21.68,21.46,40.55,14.94
2025-03-20,789.16,24073.4,22.16,22.25,41.52,16.22
2025-03-21,788.7,24581.0,21.57,21.45,39.26,15.44
2025-03-22,797.26,24467.07,21.77,21.78,40.73,15.94
2025-03-23,805.26,24527.29,21.9,22.16,40.95,16.23
2025-03-24,802.68,24641.43,22.08,21.7,39.97,15.64
2025-03-25,799.37,24686.44,21.17,21.16,39.4,15.05
2025-03-26,801.43,24677.57,22.37,21.75,39.8,15.9
2025-03-27,796.16,24387.45,21.68,22.17,40.81,15.94
2025-03-28,797.39,24757.12,21.59,21.75,40.32,15.4
2025-03-29,800.95,25214.08,21.75,21.74,39.92,15.38
2025-03-30,806.82,24796.8,22.75,22.41,41.86,15.69
2025-03-31,806.06,24542.39,21.94,21.82,41.49,15.56
2025-04-01,804.78,24472.26,21.8,21.71,39.71,15.96
2025-04-02,800.14,24229.17,21.49,21.83,39.39,15.77
2025-04-03,795.76,24351.92,21.7,22.05,39.59,15.72
2025-04-04,794.39,24164.34,22.71,22.62,41.75,16.53
2025-04-05,796.0,24698.31,21.77,22.18,40.64,15.72
2025-04-06,800.34,24986.89,22.31,22.47,41.69,16.2
2025-04-07,796.1,25029.19,21.9,21.75,40.31,15.6
2025-04-08,803.35,25273.33,21.43,21.72,39.22,15.87
2025-04-09,801.78,25535.44,22.69,22.21,40.0,15.52
2025-04-10,801.47,25378.32,22.55,22.18,41.21,15.71
2025-04-11,797.53,25156.38,21.11,21.58,40.0,15.05
2025-04-12,785.21,25156.28,21.48,21.75,39.99,15.59
2025-04-13,789.45,25350.3,21.42,22.11,39.9,16.28
2025-04-14,792.95,25361.95,21.91,22.15,41.25,15.79
2025-04-15,791.36,24942.85,22.28,22.05,41.56,15.73
2025-04-16,791.52,24715.57,21.78,21.9,40.69,16.03
2025-04-17,793.94,24668.79,21.75,21.61,39.46,15.88
2025-04-18,785.96,24619.87,21.01,21.47,39.75,15.43
2025-04-19,783.16,25081.31,21.53,21.29,38.57,15.54
2025-04-20,786.98,24701.43,22.26,22.43,42.13,15.83
2025-04-21,780.57,24792.76,21.66,21.65,40.1,16.0
2025-04-22,781.9,25128.3,21.65,21.68,39.04,16.25
2025-04-23,774.98,25657.77,21.07,21.45,39.5,15.6
2025-04-24,777.18,25516.63,22.64,22.99,42.8,15.93
2025-04-25,776.88,25597.82,21.69,21.4,39.4,15.24
2025-04-26,768.69,25696.96,21.69,21.57,39.74,15.71
2025-04-27,774.41,25700.92,22.31,21.99,39.95,15.71
2025-04-28,770.63,25629.71,22.09,21.99,41.02,16.21
2025-04-29,766.48,25690.62,22.13,22.09,40.47,16.08
2025-04-30,767.39,25007.9,21.72,22.24,39.84,15.8
2025-05-01,773.04,25127.21,21.76,21.84,40.17,15.73
2025-05-02,767.88,25106.01,21.12,21.13,39.67,14.94
2025-05-03,768.11,24996.12,22.0,21.42,39.39,15.37
2025-05-04,770.18,25452.07,22.02,21.81,41.39,15.54
2025-05-05,773.58,25226.07,22.96,22.5,41.88,16.55
2025-05-06,774.41,25066.56,21.26,21.08,39.2,15.81
2025-05-07,772.52,25504.25,22.01,22.22,41.03,15.57
2025-05-08,768.33,25234.61,21.7,21.67,40.04,15.02
2025-05-09,768.72,25034.03,21.95,21.88,40.31,15.68
2025-05-10,763.32,24932.82,21.11,21.39,39.39,14.94
2025-05-11,748.68,25077.17,20.8,20.92,39.01,15.07
2025-05-12,750.84,25061.93,21.52,21.58,39.36,15.76
2025-05-13,755.34,24670.23,21.97,21.49,39.12,15.92
2025-05-14,743.51,24467.33,20.76,21.38,38.88,15.46
2025-05-15,738.45,24244.33,21.21,20.84,39.79,14.95
2025-05-16,741.55,24152.58,20.35,20.63,38.48,14.26
2025-05-17,751.84,24185.35,20.0,20.41,37.94,14.7
2025-05-18,751.95,24214.96,21.73,21.37,38.9,15.41
2025-05-19,748.32,23694.81,21.22,21.0,39.23,15.31
2025-05-20,747.43,23883.45,20.87,20.49,37.84,14.54
2025-05-21,754.33,23868.08,21.0,20.76,38.53,14.82
2025-05-22,751.13,24134.56,21.44,20.82,37.93,14.55
2025-05-23,747.17,24164.83,20.53,20.36,37.77,13.97
2025-05-24,744.8,24358.28,20.61,20.65,37.95,14.54
2025-05-25,740.08,24391.97,20.57,20.47,37.4,14.26
2025-05-26,740.75,24644.52,21.21,20.84,38.99,15.11
2025-05-27,748.93,24690.06,20.61,20.85,37.64,14.85
2025-05-28,750.61,24579.56,20.29,20.48,38.23,14.59
2025-05-29,749.42,25060.67,21.98,22.07,41.24,15.59
2025-05-30,748.04,25194.99,21.15,21.78,39.77,14.71
2025-05-31,740.31,25249.56,20.91,20.87,38.11,15.48
2025-06-01,744.81,24840.72,20.67,21.23,39.15,14.99
2025-06-02,744.52,24428.01,21.18,21.16,39.32,15.11
2025-06-03,743.71,24409.72,21.71,21.46,39.6,15.01
2025-06-04,759.78,24353.81,20.73,20.88,38.88,15.32
2025-06-05,761.39,24107.21,22.09,21.59,41.0,15.59
2025-06-06,757.75,24048.62,20.42,20.86,38.29,14.77
2025-06-07,755.74,24351.21,20.96,20.61,37.09,14.72
2025-06-08,761.61,24429.8,21.75,21.54,40.35,16.01
2025-06-09,762.31,24048.6,21.15,21.67,41.09,15.58
2025-06-10,755.25,23924.13,22.85,22.04,41.01,15.82
2025-06-11,759.99,23625.68,20.49,20.51,37.29,14.48
2025-06-12,756.8,23430.96,20.9,21.16,39.07,14.67
2025-06-13,766.32,23229.19,20.38,20.8,37.81,14.93
2025-06-14,771.89,23010.89,21.23,21.29,39.78,15.43
2025-06-15,769.82,22597.71,20.2,20.24,36.63,14.9
2025-06-16,776.39,22465.93,20.41,20.38,37.52,14.0
2025-06-17,776.91,22225.47,20.42,20.51,37.34,14.43
2025-06-18,781.36,21392.39,20.86,20.67,38.32,14.71
2025-06-19,783.97,21804.53,20.43,20.54,37.79,14.79
2025-06-20,779.93,21975.26,20.47,21.06,39.06,15.12
2025-06-21,776.92,21779.41,21.05,21.1,39.05,15.15
2025-06-22,782.27,21682.04,20.27,20.98,38.22,15.23
2025-06-23,780.81,21286.79,21.35,21.25,39.68,15.03
2025-06-24,779.01,21608.15,20.54,20.83,38.51,15.28
2025-06-25,774.45,21979.7,20.27,20.22,36.82,14.69
2025-06-26,776.8,21915.93,21.67,21.27,40.7,15.22
2025-06-27,787.35,22068.73,20.4,20.69,38.56,15.38
2025-06-28,782.25,22009.36,21.52,21.2,39.13,15.73
2025-06-29,782.61,21571.91,21.21,21.34,40.33,15.64
2025-06-30,789.92,21365.63,21.47,20.94,39.85,14.17
2025-07-01,789.78,21295.27,20.03,20.14,37.17,14.97
2025-07-02,792.3,21078.31,20.09,20.34,37.84,14.88
2025-07-03,787.26,20920.36,21.32,21.11,38.47,15.8
2025-07-04,789.67,20794.3,20.38,20.52,37.87,15.14
2025-07-05,789.01,20670.97,20.32,20.57,37.93,15.28
2025-07-06,794.22,20581.06,20.75,20.89,38.76,15.31
2025-07-07,800.44,20213.1,20.84,20.85,38.77,15.42
2025-07-08,813.68,19931.24,21.2,20.8,38.81,15.57
2025-07-09,816.88,19507.7,19.94,20.52,38.11,14.84
2025-07-10,818.81,19650.03,20.56,20.55,37.29,14.33
2025-07-11,820.09,19021.78,21.04,20.85,38.01,14.92
2025-07-12,818.64,19208.65,20.82,20.76,38.08,15.07
2025-07-13,820.65,19454.06,20.94,20.54,37.84,14.81
2025-07-14,819.5,19277.71,20.99,21.01,39.5,14.75
2025-07-15,820.67,18526.54,20.26,20.32,36.89,14.14
2025-07-16,827.59,18336.25,20.25,20.07,36.92,14.23
2025-07-17,822.9,18220.72,20.04,20.01,37.58,14.65
2025-07-18,828.95,17869.07,19.79,19.9,36.64,14.8
2025-07-19,835.88,17641.8,20.38,20.22,37.69,14.83
2025-07-20,835.65,17926.44,20.71,20.91,38.59,15.37
2025-07-21,825.4,17995.34,19.77,19.96,37.08,14.35
2025-07-22,822.72,17667.48,20.06,20.22,37.26,14.03
2025-07-23,829.58,17172.0,20.24,19.83,37.09,14.14
2025-07-24,829.84,16994.84,18.98,19.94,35.97,14.28
2025-07-25,825.23,16846.77,19.45,19.33,35.54,13.77
2025-07-26,823.09,16876.84,19.83,19.82,36.85,14.29
2025-07-27,827.68,16649.78,19.33,19.83,37.01,14.41
2025-07-28,830.81,16685.21,20.28,20.18,38.24,14.79
2025-07-29,830.02,17077.36,20.31,20.16,37.07,14.43
2025-07-30,828.59,17190.44,19.78,19.61,37.16,13.55
2025-07-31,827.04,17088.48,19.67,20.47,37.47,14.59
2025-08-01,822.85,16953.64,20.42,20.01,37.82,14.42
2025-08-02,831.34,16776.34,19.86,20.08,37.64,14.83
2025-08-03,830.16,16984.32,20.25,20.04,36.53,14.26
2025-08-04,836.67,16741.27,20.09,19.87,36.94,14.46
2025-08-05,844.72,16667.35,20.0,20.26,37.45,14.67
2025-08-06,850.15,16595.94,20.62,20.42,38.15,14.72
2025-08-07,848.43,16387.33,19.33,19.44,35.84,14.28
2025-08-08,850.9,15962.12,19.22,19.84,36.51,14.08
2025-08-09,851.24,15961.86,20.31,19.96,37.74,14.2
2025-08-10,847.18,15866.73,19.84,20.07,37.07,14.45
2025-08-11,849.26,15913.05,20.23,20.49,38.4,14.56
2025-08-12,843.84,15702.07,19.44,19.56,36.05,14.24
2025-08-13,850.25,15930.88,19.92,19.83,37.69,14.07
2025-08-14,848.4,15636.51,19.69,19.71,36.06,14.26
2025-08-15,849.89,15990.57,19.89,19.72,36.12,14.17
2025-08-16,851.8,15480.97,19.38,19.78,37.51,14.31
2025-08-17,850.99,15518.24,20.01,20.23,37.16,14.43
2025-08-18,854.42,15566.98,19.53,19.56,37.16,13.99
2025-08-19,852.55,15299.29,20.62,20.05,37.63,14.46
2025-08-20,857.41,15337.92,19.25,19.28,35.58,13.94
2025-08-21,851.19,15591.69,20.05,19.72,35.4,14.2
2025-08-22,852.34,14972.76,19.66,19.65,36.33,14.66
2025-08-23,862.55,15035.11,20.47,20.62,38.21,14.55
2025-08-24,858.07,14349.88,19.49,19.57,36.9,14.07
2025-08-25,855.21,14047.98,18.61,18.66,35.48,12.96
2025-08-26,858.31,14396.24,19.08,18.89,34.54,13.72
2025-08-27,859.75,14193.23,20.08,19.67,36.87,13.83
2025-08-28,862.04,13843.69,19.94,19.83,37.14,14.19
2025-08-29,865.03,13739.63,20.1,19.75,37.18,14.11
2025-08-30,868.76,14203.56,19.57,19.86,37.04,14.38
2025-08-31,874.86,13694.12,20.07,20.2,36.2,14.38
2025-09-01,877.47,13381.33,19.24,19.46,35.91,13.83
2025-09-02,876.82,13707.29,20.22,20.12,36.53,14.92
2025-09-03,880.75,14124.89,19.19,19.3,35.58,13.98
2025-09-04,890.82,14053.81,19.94,19.72,37.06,14.03
2025-09-05,890.73,13700.42,18.97,19.25,35.79,13.78
2025-09-06,886.44,14182.38,19.95,19.94,37.58,14.85
2025-09-07,892.56,14540.63,20.44,20.23,37.63,14.5
2025-09-08,892.54,14671.64,19.72,20.34,36.84,14.43
2025-09-09,882.27,14431.47,20.72,20.09,35.65,14.26
2025-09-10,887.1,14383.81,19.67,19.75,36.63,14.06
2025-09-11,885.02,14310.0,19.38,19.99,36.86,14.22
2025-09-12,885.17,14360.68,19.53,19.49,35.46,13.65
2025-09-13,887.44,14693.09,20.77,20.76,37.39,14.61
2025-09-14,889.0,14884.31,20.15,20.18,36.89,14.28
2025-09-15,893.16,14588.05,20.38,20.08,37.03,14.63
2025-09-16,891.6,14906.98,21.21,20.98,39.22,14.99
2025-09-17,894.79,14961.79,20.0,19.91,36.95,14.28
2025-09-18,894.12,15111.83,20.13,20.0,37.96,14.78
2025-09-19,898.44,15458.48,20.14,20.18,36.7,14.91
2025-09-20,902.15,15162.35,21.09,20.55,38.55,14.71
2025-09-21,898.11,15136.91,20.24,20.69,38.3,14.7
2025-09-22,904.18,14989.32,20.9,20.86,39.0,14.76
2025-09-23,902.14,14584.4,21.46,21.44,39.4,15.64
2025-09-24,906.83,14659.89,19.84,19.6,36.9,14.05
2025-09-25,909.32,15278.35,20.71,20.97,38.97,14.98
2025-09-26,919.16,14810.69,19.98,20.51,37.53,14.52
2025-09-27,918.7,14796.75,20.53,20.48,37.89,14.52
2025-09-28,917.62,14952.79,20.59,20.5,37.79,14.86
2025-09-29,918.18,14981.25,20.85,20.4,38.04,14.3
2025-09-30,917.33,14952.43,21.04,21.42,38.92,15.72
2025-10-01,922.01,14628.87,21.4,21.06,38.94,15.0
2025-10-02,914.6,14690.09,21.35,20.64,38.41,14.81
2025-10-03,910.01,14505.71,20.93,21.04,38.95,14.75
2025-10-04,905.35,13964.81,19.28,19.66,37.19,14.15
2025-10-05,910.79,14271.81,19.79,19.91,37.3,14.24
2025-10-06,920.03,14521.54,19.79,19.79,36.6,14.23
2025-10-07,920.19,14546.35,20.56,20.39,37.85,15.12
2025-10-08,920.04,14617.29,20.57,20.75,38.57,14.99
2025-10-09,921.09,14901.29,21.29,20.83,38.77,14.76
2025-10-10,927.6,14974.56,20.63,20.97,37.69,14.88
2025-10-11,923.67,15219.5,19.83,20.36,37.48,14.84
2025-10-12,925.56,15165.82,21.59,21.25,38.43,15.69
2025-10-13,931.15,15516.24,20.54,21.22,40.02,15.36
2025-10-14,934.37,15620.59,21.43,21.49,39.73,15.68
2025-10-15,936.03,15694.99,21.43,20.49,37.79,14.94
2025-10-16,941.75,15405.08,21.37,21.37,40.08,15.81
2025-10-17,928.95,15506.14,20.27,20.61,38.38,14.26
2025-10-18,933.07,15329.17,20.92,20.94,38.05,15.27
2025-10-19,930.52,15202.31,21.22,21.23,39.24,15.58
2025-10-20,922.1,15032.86,20.93,20.88,38.42,14.63
2025-10-21,925.38,14802.37,20.68,20.48,36.84,14.48
2025-10-22,932.99,15371.29,20.8,21.11,38.64,14.94
2025-10-23,933.04,15743.51,21.11,20.61,38.01,14.62
2025-10-24,938.54,16264.62,21.99,21.92,40.48,15.64
2025-10-25,947.34,16001.55,21.65,21.43,38.75,15.5
2025-10-26,954.66,16063.63,21.9,22.09,41.55,16.16
2025-10-27,963.61,15786.12,21.87,21.48,39.68,15.79
2025-10-28,968.07,15659.65,21.43,21.51,39.82,15.24
2025-10-29,969.19,15479.14,21.46,21.38,39.79,15.14
2025-10-30,961.94,15839.63,21.75,22.03,40.29,16.26
2025-10-31,961.46,15792.7,21.08,21.38,39.82,15.58
2025-11-01,958.01,16113.46,22.17,21.96,40.41,15.84
2025-11-02,969.62,16319.66,21.65,21.79,39.77,15.83
2025-11-03,969.5,16952.24,21.08,21.34,39.82,15.35
2025-11-04,970.89,16640.53,21.63,21.83,41.28,15.87
2025-11-05,974.41,17014.95,21.96,21.75,40.67,15.56
2025-11-06,975.4,17362.62,22.16,22.35,41.91,16.18
2025-11-07,984.64,17181.76,21.91,21.95,40.29,15.35
2025-11-08,982.3,17497.44,22.86,22.85,41.32,16.25
2025-11-09,984.05,17646.76,21.94,22.52,42.55,16.01
2025-11-10,981.12,17656.54,22.0,22.44,42.75,16.05
2025-11-11,975.3,17518.56,22.75,22.65,42.82,16.03
2025-11-12,973.02,17408.12,22.48,22.7,41.8,16.19
2025-11-13,973.62,17991.21,22.81,22.49,40.92,15.74
2025-11-14,972.25,18063.32,22.48,22.19,40.42,16.14
2025-11-15,969.58,18332.05,22.05,21.83,39.38,15.7
2025-11-16,963.33,18208.77,22.68,22.14,40.89,15.43
2025-11-17,963.71,18089.47,22.11,22.14,41.91,15.69
2025-11-18,956.98,18436.84,22.62,22.43,41.41,16.25
2025-11-19,961.57,18177.49,22.06,22.24,41.32,15.85
2025-11-20,962.78,18152.89,23.4,22.66,42.75,16.11
2025-11-21,956.29,18241.73,22.67,22.07,40.59,15.87
2025-11-22,955.54,18351.01,22.32,22.32,42.51,16.17
2025-11-23,952.58,18388.76,22.89,22.78,43.34,15.97
2025-11-24,954.97,18571.3,22.94,22.53,41.61,16.39
2025-11-25,962.48,18829.13,22.52,22.56,41.39,16.0
2025-11-26,953.91,19098.42,22.1,22.3,41.67,16.05
2025-11-27,955.28,18938.58,22.52,22.26,40.97,16.01
2025-11-28,955.29,18955.11,22.2,22.18,40.33,15.81
2025-11-29,959.45,19342.3,22.53,22.48,42.35,15.88
2025-11-30,961.33,19655.37,22.87,23.12,43.5,16.56
2025-12-01,958.38,19402.44,22.09,22.61,41.92,16.77
2025-12-02,957.59,19581.45,22.27,22.2,40.31,15.57
2025-12-03,954.43,19178.85,23.55,23.28,42.33,17.27
2025-12-04,960.62,19283.35,22.75,22.82,42.29,16.35
2025-12-05,961.54,19851.32,22.75,22.32,40.98,16.08
2025-12-06,971.86,19708.63,22.6,22.81,42.0,16.1
2025-12-07,972.37,19595.04,22.69,23.01,43.18,16.33
2025-12-08,969.65,19881.72,23.67,23.69,44.27,16.91
2025-12-09,962.9,19592.36,22.35,22.38,42.23,15.8
2025-12-10,954.7,19531.13,23.3,23.07,42.09,16.55
2025-12-11,947.6,19777.81,22.97,23.21,42.73,16.59
2025-12-12,949.75,19717.38,22.82,22.41,41.91,16.69
2025-12-13,953.12,19757.07,23.2,22.61,42.1,15.93
2025-12-14,946.03,20042.31,22.28,22.29,42.15,16.08
2025-12-15,951.33,20247.37,23.14,22.76,42.36,16.46
2025-12-16,949.74,20414.21,22.54,22.86,43.39,16.14
2025-12-17,951.3,20429.99,23.48,23.16,43.17,16.88
2025-12-18,960.18,20623.46,23.84,23.53,44.16,16.82
2025-12-19,965.49,20693.85,23.15,22.89,42.15,15.73
2025-12-20,964.97,20909.96,22.46,22.46,41.56,16.37
2025-12-21,961.34,20887.68,22.29,23.18,43.43,16.35
2025-12-22,951.41,20944.28,22.98,23.17,43.84,16.37
2025-12-23,948.64,20799.27,22.88,23.07,43.12,16.82
2025-12-24,948.41,20893.21,22.57,22.86,42.25,16.36
2025-12-25,944.3,20793.33,22.99,22.95,43.29,16.8
2025-12-26,944.47,20617.85,23.33,23.46,42.08,17.25
2025-12-27,945.68,20785.67,22.83,23.07,41.83,16.42
2025-12-28,945.38,20942.1,22.5,22.81,42.61,16.66
2025-12-29,942.96,21241.13,22.6,22.82,42.22,16.2
2025-12-30,944.63,21236.68,23.31,22.97,42.86,17.21
