date,paradip_anchorage_queue_vessels,vizag_anchorage_queue_vessels,haldia_river_draft_meters,paradip_permissible_draft_meters,vizag_outer_permissible_draft_meters,gangavaram_permissible_draft_meters
2021-01-01,7,7,7.18,14.5,18.1,18.5
2021-01-02,5,4,7.39,14.5,18.1,18.5
2021-01-03,4,4,7.51,14.5,18.1,18.5
2021-01-04,9,7,7.5,14.5,18.1,18.5
2021-01-05,5,3,7.56,14.5,18.1,18.5
2021-01-06,6,5,7.59,14.5,18.1,18.5
2021-01-07,6,3,7.77,14.5,18.1,18.5
2021-01-08,7,5,7.65,14.5,18.1,18.5
2021-01-09,4,1,7.81,14.5,18.1,18.5
2021-01-10,4,2,7.9,14.5,18.1,18.5
2021-01-11,7,5,7.69,14.5,18.1,18.5
2021-01-12,5,5,7.6,14.5,18.1,18.5
2021-01-13,1,2,7.77,14.5,18.1,18.5
2021-01-14,3,2,7.61,14.5,18.1,18.5
2021-01-15,8,6,7.27,14.5,18.1,18.5
2021-01-16,3,3,7.24,14.5,18.1,18.5
2021-01-17,12,7,7.13,14.5,18.1,18.5
2021-01-18,2,2,7.0,14.5,18.1,18.5
2021-01-19,4,2,7.05,14.5,18.1,18.5
2021-01-20,3,2,6.78,14.5,18.1,18.5
2021-01-21,2,1,6.72,14.5,18.1,18.5
2021-01-22,3,3,6.71,14.5,18.1,18.5
2021-01-23,7,5,6.73,14.5,18.1,18.5
2021-01-24,6,5,6.69,14.5,18.1,18.5
2021-01-25,7,5,6.67,14.5,18.1,18.5
2021-01-26,2,2,6.51,14.5,18.1,18.5
2021-01-27,4,5,6.68,14.5,18.1,18.5
2021-01-28,5,2,6.89,14.5,18.1,18.5
2021-01-29,6,6,6.94,14.5,18.1,18.5
2021-01-30,2,1,7.11,14.5,18.1,18.5
2021-01-31,1,1,7.34,14.5,18.1,18.5
2021-02-01,3,2,7.16,14.5,18.1,18.5
2021-02-02,4,2,7.51,14.5,18.1,18.5
2021-02-03,7,6,7.47,14.5,18.1,18.5
2021-02-04,11,9,7.7,14.5,18.1,18.5
2021-02-05,4,3,7.68,14.5,18.1,18.5
2021-02-06,5,3,7.96,14.5,18.1,18.5
2021-02-07,7,8,7.8,14.5,18.1,18.5
2021-02-08,2,3,7.74,14.5,18.1,18.5
2021-02-09,11,8,7.83,14.5,18.1,18.5
2021-02-10,6,4,7.78,14.5,18.1,18.5
2021-02-11,5,3,7.8,14.5,18.1,18.5
2021-02-12,5,3,7.65,14.5,18.1,18.5
2021-02-13,8,7,7.75,14.5,18.1,18.5
2021-02-14,3,1,7.38,14.5,18.1,18.5
2021-02-15,5,2,7.26,14.5,18.1,18.5
2021-02-16,5,4,7.09,14.5,18.1,18.5
2021-02-17,6,4,7.04,14.5,18.1,18.5
2021-02-18,4,2,6.94,14.5,18.1,18.5
2021-02-19,4,2,6.84,14.5,18.1,18.5
2021-02-20,4,4,6.73,14.5,18.1,18.5
2021-02-21,5,4,6.6,14.5,18.1,18.5
2021-02-22,8,5,6.53,14.5,18.1,18.5
2021-02-23,6,3,6.56,14.5,18.1,18.5
2021-02-24,8,5,6.72,14.5,18.1,18.5
2021-02-25,4,4,6.78,14.5,18.1,18.5
2021-02-26,1,1,6.69,14.5,18.1,18.5
2021-02-27,13,10,6.68,14.5,18.1,18.5
2021-02-28,4,1,6.86,14.5,18.1,18.5
2021-03-01,3,2,7.19,14.5,18.1,18.5
2021-03-02,9,8,7.2,14.5,18.1,18.5
2021-03-03,1,2,7.28,14.5,18.1,18.5
2021-03-04,1,1,7.44,14.5,18.1,18.5
2021-03-05,3,4,7.62,14.5,18.1,18.5
2021-03-06,11,8,7.45,14.5,18.1,18.5
2021-03-07,3,3,7.62,14.5,18.1,18.5
2021-03-08,8,6,7.67,14.5,18.1,18.5
2021-03-09,4,2,7.83,14.5,18.1,18.5
2021-03-10,5,2,7.81,14.5,18.1,18.5
2021-03-11,4,3,7.87,14.5,18.1,18.5
2021-03-12,3,2,7.72,14.5,18.1,18.5
2021-03-13,7,3,7.85,14.5,18.1,18.5
2021-03-14,5,3,7.63,14.5,18.1,18.5
2021-03-15,5,3,7.62,14.5,18.1,18.5
2021-03-16,6,5,7.56,14.5,18.1,18.5
2021-03-17,4,3,7.43,14.5,18.1,18.5
2021-03-18,3,2,7.24,14.5,18.1,18.5
2021-03-19,6,4,7.16,14.5,18.1,18.5
2021-03-20,3,2,7.13,14.5,18.1,18.5
2021-03-21,9,7,6.9,14.5,18.1,18.5
2021-03-22,3,2,6.69,14.5,18.1,18.5
2021-03-23,4,1,6.74,14.5,18.1,18.5
2021-03-24,5,3,6.63,14.5,18.1,18.5
2021-03-25,4,3,6.37,14.5,18.1,18.5
2021-03-26,4,3,6.65,14.5,18.1,18.5
2021-03-27,6,4,6.64,14.5,18.1,18.5
2021-03-28,9,6,6.79,14.5,18.1,18.5
2021-03-29,4,4,6.67,14.5,18.1,18.5
2021-03-30,7,5,6.68,14.5,18.1,18.5
2021-03-31,3,2,6.95,14.5,18.1,18.5
2021-04-01,6,3,7.09,14.5,18.1,18.5
2021-04-02,2,2,7.18,14.5,18.1,18.5
2021-04-03,5,3,7.3,14.5,18.1,18.5
2021-04-04,5,4,7.31,14.5,18.1,18.5
2021-04-05,4,2,7.51,14.5,18.1,18.5
2021-04-06,6,6,7.59,14.5,18.1,18.5
2021-04-07,2,3,7.81,14.5,18.1,18.5
2021-04-08,7,3,7.8,14.5,18.1,18.5
2021-04-09,5,2,7.76,14.5,18.1,18.5
2021-04-10,7,5,7.97,14.5,18.1,18.5
2021-04-11,1,1,7.75,14.5,18.1,18.5
2021-04-12,4,2,7.79,14.5,18.1,18.5
2021-04-13,9,7,7.66,14.5,18.1,18.5
2021-04-14,9,6,7.75,14.5,18.1,18.5
2021-04-15,3,3,7.49,14.5,18.1,18.5
2021-04-16,1,1,7.38,14.5,18.1,18.5
2021-04-17,8,3,7.24,14.5,18.1,18.5
2021-04-18,9,7,7.15,14.5,18.1,18.5
2021-04-19,4,4,7.13,14.5,18.1,18.5
2021-04-20,4,5,6.98,14.5,18.1,18.5
2021-04-21,9,4,6.8,14.5,18.1,18.5
2021-04-22,5,4,6.88,14.5,18.1,18.5
2021-04-23,4,1,6.74,14.5,18.1,18.5
2021-04-24,6,6,6.57,14.5,18.1,18.5
2021-04-25,8,6,6.46,14.5,18.1,18.5
2021-04-26,4,2,6.57,14.5,18.1,18.5
2021-04-27,4,4,6.69,14.5,18.1,18.5
2021-04-28,7,4,6.77,14.5,18.1,18.5
2021-04-29,8,6,6.93,14.5,18.1,18.5
2021-04-30,6,4,6.78,14.5,18.1,18.5
2021-05-01,6,6,6.96,14.5,18.1,18.5
2021-05-02,8,7,7.01,14.5,18.1,18.5
2021-05-03,3,2,7.12,14.5,18.1,18.5
2021-05-04,11,9,7.31,14.5,18.1,18.5
2021-05-05,9,6,7.52,14.5,18.1,18.5
2021-05-06,8,4,7.66,14.5,18.1,18.5
2021-05-07,5,3,7.58,14.5,18.1,18.5
2021-05-08,4,5,7.66,14.5,18.1,18.5
2021-05-09,9,6,7.6,14.5,18.1,18.5
2021-05-10,6,5,7.82,14.5,18.1,18.5
2021-05-11,7,5,7.72,14.5,18.1,18.5
2021-05-12,5,3,7.93,14.5,18.1,18.5
2021-05-13,3,2,7.74,14.5,18.1,18.5
2021-05-14,2,1,7.61,14.5,18.1,18.5
2021-05-15,3,1,7.46,14.5,18.1,18.5
2021-05-16,6,3,7.27,14.5,18.1,18.5
2021-05-17,4,4,7.16,14.5,18.1,18.5
2021-05-18,2,1,7.11,14.5,18.1,18.5
2021-05-19,6,4,6.98,14.5,18.1,18.5
2021-05-20,3,2,6.84,14.5,18.1,18.5
2021-05-21,6,5,6.87,14.5,18.1,18.5
2021-05-22,4,4,6.79,14.5,18.1,18.5
2021-05-23,8,5,6.63,14.5,18.1,18.5
2021-05-24,2,2,6.82,14.5,18.1,18.5
2021-05-25,5,4,6.43,14.5,18.1,18.5
2021-05-26,5,5,6.61,14.5,18.1,18.5
2021-05-27,7,3,6.61,14.5,18.1,18.5
2021-05-28,2,2,6.63,14.5,18.1,18.5
2021-05-29,5,5,6.69,14.5,18.1,18.5
2021-05-30,7,5,6.85,14.5,18.1,18.5
2021-05-31,10,8,6.94,14.5,18.1,18.5
2021-06-01,10,8,7.04,14.5,18.1,18.5
2021-06-02,10,6,7.07,14.5,18.1,18.5
2021-06-03,6,6,7.16,14.5,18.1,18.5
2021-06-04,12,9,7.41,14.5,18.1,18.5
2021-06-05,5,4,7.51,14.5,18.1,18.5
2021-06-06,7,3,7.62,14.5,18.1,18.5
2021-06-07,7,6,7.7,14.5,18.1,18.5
2021-06-08,15,11,7.72,14.5,18.1,18.5
2021-06-09,8,7,7.77,14.5,18.1,18.5
2021-06-10,12,8,7.71,14.5,18.1,18.5
2021-06-11,10,6,7.93,14.5,18.1,18.5
2021-06-12,8,5,7.65,14.5,18.1,18.5
2021-06-13,8,5,7.62,14.5,18.1,18.5
2021-06-14,8,5,7.5,14.5,18.1,18.5
2021-06-15,7,6,7.39,14.5,18.1,18.5
2021-06-16,13,10,7.35,14.5,18.1,18.5
2021-06-17,11,8,7.21,14.5,18.1,18.5
2021-06-18,6,4,7.06,14.5,18.1,18.5
2021-06-19,4,1,6.95,14.5,18.1,18.5
2021-06-20,7,6,6.8,14.5,18.1,18.5
2021-06-21,11,9,6.82,14.5,18.1,18.5
2021-06-22,8,5,6.9,14.5,18.1,18.5
2021-06-23,9,6,6.55,14.5,18.1,18.5
2021-06-24,12,9,6.65,14.5,18.1,18.5
2021-06-25,9,8,6.61,14.5,18.1,18.5
2021-06-26,12,9,6.69,14.5,18.1,18.5
2021-06-27,6,4,6.73,14.5,18.1,18.5
2021-06-28,7,5,6.75,14.5,18.1,18.5
2021-06-29,15,9,6.81,14.5,18.1,18.5
2021-06-30,9,5,6.87,14.5,18.1,18.5
2021-07-01,12,7,6.95,14.5,18.1,18.5
2021-07-02,6,5,7.14,14.5,18.1,18.5
2021-07-03,10,7,7.15,14.5,18.1,18.5
2021-07-04,16,10,7.34,14.5,18.1,18.5
2021-07-05,9,6,7.62,14.5,18.1,18.5
2021-07-06,12,8,7.62,14.5,18.1,18.5
2021-07-07,7,7,7.78,14.5,18.1,18.5
2021-07-08,7,5,7.9,14.5,18.1,18.5
2021-07-09,13,8,7.77,14.5,18.1,18.5
2021-07-10,8,6,7.82,14.5,18.1,18.5
2021-07-11,12,10,7.76,14.5,18.1,18.5
2021-07-12,11,7,7.67,14.5,18.1,18.5
2021-07-13,9,5,7.59,14.5,18.1,18.5
2021-07-14,9,6,7.69,14.5,18.1,18.5
2021-07-15,10,7,7.53,14.5,18.1,18.5
2021-07-16,6,5,7.58,14.5,18.1,18.5
2021-07-17,5,5,7.37,14.5,18.1,18.5
2021-07-18,6,3,7.08,14.5,18.1,18.5
2021-07-19,5,3,7.11,14.5,18.1,18.5
2021-07-20,11,7,6.88,14.5,18.1,18.5
2021-07-21,9,7,6.93,14.5,18.1,18.5
2021-07-22,7,4,6.68,14.5,18.1,18.5
2021-07-23,9,5,6.56,14.5,18.1,18.5
2021-07-24,6,4,6.54,14.5,18.1,18.5
2021-07-25,6,5,6.53,14.5,18.1,18.5
2021-07-26,11,8,6.52,14.5,18.1,18.5
2021-07-27,9,7,6.58,14.5,18.1,18.5
2021-07-28,9,8,6.78,14.5,18.1,18.5
2021-07-29,8,5,6.96,14.5,18.1,18.5
2021-07-30,12,7,6.74,14.5,18.1,18.5
2021-07-31,8,4,7.11,14.5,18.1,18.5
2021-08-01,7,3,7.05,14.5,18.1,18.5
2021-08-02,13,9,7.26,14.5,18.1,18.5
2021-08-03,10,7,7.18,14.5,18.1,18.5
2021-08-04,8,7,7.52,14.5,18.1,18.5
2021-08-05,7,5,7.37,14.5,18.1,18.5
2021-08-06,7,5,7.69,14.5,18.1,18.5
2021-08-07,8,5,7.75,14.5,18.1,18.5
2021-08-08,8,5,7.79,14.5,18.1,18.5
2021-08-09,9,8,7.72,14.5,18.1,18.5
2021-08-10,11,7,7.85,14.5,18.1,18.5
2021-08-11,9,5,7.81,14.5,18.1,18.5
2021-08-12,12,9,7.69,14.5,18.1,18.5
2021-08-13,9,7,7.71,14.5,18.1,18.5
2021-08-14,11,6,7.54,14.5,18.1,18.5
2021-08-15,12,9,7.49,14.5,18.1,18.5
2021-08-16,5,3,7.31,14.5,18.1,18.5
2021-08-17,9,6,7.22,14.5,18.1,18.5
2021-08-18,8,6,7.13,14.5,18.1,18.5
2021-08-19,13,10,6.92,14.5,18.1,18.5
2021-08-20,7,5,6.73,14.5,18.1,18.5
2021-08-21,12,8,6.79,14.5,18.1,18.5
2021-08-22,12,8,6.8,14.5,18.1,18.5
2021-08-23,9,6,6.66,14.5,18.1,18.5
2021-08-24,13,9,6.64,14.5,18.1,18.5
2021-08-25,21,16,6.6,14.5,18.1,18.5
2021-08-26,12,9,6.7,14.5,18.1,18.5
2021-08-27,12,8,6.65,14.5,18.1,18.5
2021-08-28,8,5,6.7,14.5,18.1,18.5
2021-08-29,9,6,6.94,14.5,18.1,18.5
2021-08-30,8,7,6.88,14.5,18.1,18.5
2021-08-31,11,9,7.14,14.5,18.1,18.5
2021-09-01,11,7,7.29,14.5,18.1,18.5
2021-09-02,7,4,7.36,14.5,18.1,18.5
2021-09-03,6,3,7.29,14.5,18.1,18.5
2021-09-04,9,6,7.53,14.5,18.1,18.5
2021-09-05,12,11,7.6,14.5,18.1,18.5
2021-09-06,4,3,7.65,14.5,18.1,18.5
2021-09-07,8,4,7.77,14.5,18.1,18.5
2021-09-08,6,4,7.87,14.5,18.1,18.5
2021-09-09,12,8,7.75,14.5,18.1,18.5
2021-09-10,12,8,7.76,14.5,18.1,18.5
2021-09-11,12,8,7.71,14.5,18.1,18.5
2021-09-12,13,9,7.79,14.5,18.1,18.5
2021-09-13,7,6,7.56,14.5,18.1,18.5
2021-09-14,12,10,7.36,14.5,18.1,18.5
2021-09-15,9,7,7.21,14.5,18.1,18.5
2021-09-16,10,5,7.29,14.5,18.1,18.5
2021-09-17,10,6,7.05,14.5,18.1,18.5
2021-09-18,6,4,7.07,14.5,18.1,18.5
2021-09-19,12,8,6.76,14.5,18.1,18.5
2021-09-20,12,9,6.74,14.5,18.1,18.5
2021-09-21,10,7,6.58,14.5,18.1,18.5
2021-09-22,10,7,6.69,14.5,18.1,18.5
2021-09-23,12,9,6.68,14.5,18.1,18.5
2021-09-24,5,4,6.63,14.5,18.1,18.5
2021-09-25,12,9,6.5,14.5,18.1,18.5
2021-09-26,13,10,6.58,14.5,18.1,18.5
2021-09-27,9,7,6.74,14.5,18.1,18.5
2021-09-28,5,4,6.62,14.5,18.1,18.5
2021-09-29,14,10,6.87,14.5,18.1,18.5
2021-09-30,9,8,7.16,14.5,18.1,18.5
2021-10-01,4,2,7.11,14.5,18.1,18.5
2021-10-02,1,2,7.1,14.5,18.1,18.5
2021-10-03,8,4,7.31,14.5,18.1,18.5
2021-10-04,5,3,7.42,14.5,18.1,18.5
2021-10-05,6,5,7.8,14.5,18.1,18.5
2021-10-06,5,5,7.84,14.5,18.1,18.5
2021-10-07,2,1,7.81,14.5,18.1,18.5
2021-10-08,5,3,7.75,14.5,18.1,18.5
2021-10-09,7,5,7.92,14.5,18.1,18.5
2021-10-10,4,5,7.68,14.5,18.1,18.5
2021-10-11,5,5,7.87,14.5,18.1,18.5
2021-10-12,5,3,7.8,14.5,18.1,18.5
2021-10-13,1,1,7.61,14.5,18.1,18.5
2021-10-14,1,1,7.64,14.5,18.1,18.5
2021-10-15,6,5,7.37,14.5,18.1,18.5
2021-10-16,3,2,7.17,14.5,18.1,18.5
2021-10-17,7,4,7.27,14.5,18.1,18.5
2021-10-18,7,5,7.04,14.5,18.1,18.5
2021-10-19,7,4,7.0,14.5,18.1,18.5
2021-10-20,5,5,7.01,14.5,18.1,18.5
2021-10-21,2,3,6.67,14.5,18.1,18.5
2021-10-22,6,5,6.66,14.5,18.1,18.5
2021-10-23,1,1,6.78,14.5,18.1,18.5
2021-10-24,6,3,6.67,14.5,18.1,18.5
2021-10-25,5,4,6.53,14.5,18.1,18.5
2021-10-26,6,6,6.54,14.5,18.1,18.5
2021-10-27,5,5,6.63,14.5,18.1,18.5
2021-10-28,9,7,6.68,14.5,18.1,18.5
2021-10-29,1,2,6.88,14.5,18.1,18.5
2021-10-30,8,6,6.97,14.5,18.1,18.5
2021-10-31,3,3,7.1,14.5,18.1,18.5
2021-11-01,4,4,7.12,14.5,18.1,18.5
2021-11-02,3,2,7.32,14.5,18.1,18.5
2021-11-03,1,2,7.24,14.5,18.1,18.5
2021-11-04,1,1,7.56,14.5,18.1,18.5
2021-11-05,2,1,7.76,14.5,18.1,18.5
2021-11-06,4,2,7.57,14.5,18.1,18.5
2021-11-07,4,2,7.82,14.5,18.1,18.5
2021-11-08,3,1,7.73,14.5,18.1,18.5
2021-11-09,8,5,7.88,14.5,18.1,18.5
2021-11-10,10,6,7.79,14.5,18.1,18.5
2021-11-11,1,1,7.77,14.5,18.1,18.5
2021-11-12,2,3,7.66,14.5,18.1,18.5
2021-11-13,4,3,7.7,14.5,18.1,18.5
2021-11-14,2,2,7.5,14.5,18.1,18.5
2021-11-15,5,3,7.28,14.5,18.1,18.5
2021-11-16,5,5,7.23,14.5,18.1,18.5
2021-11-17,7,4,7.06,14.5,18.1,18.5
2021-11-18,4,2,7.0,14.5,18.1,18.5
2021-11-19,6,4,6.83,14.5,18.1,18.5
2021-11-20,3,3,6.71,14.5,18.1,18.5
2021-11-21,1,2,6.72,14.5,18.1,18.5
2021-11-22,6,5,6.65,14.5,18.1,18.5
2021-11-23,6,6,6.71,14.5,18.1,18.5
2021-11-24,3,2,6.56,14.5,18.1,18.5
2021-11-25,3,2,6.42,14.5,18.1,18.5
2021-11-26,5,5,6.62,14.5,18.1,18.5
2021-11-27,4,3,6.56,14.5,18.1,18.5
2021-11-28,9,6,6.85,14.5,18.1,18.5
2021-11-29,3,3,6.75,14.5,18.1,18.5
2021-11-30,4,3,6.93,14.5,18.1,18.5
2021-12-01,2,1,7.11,14.5,18.1,18.5
2021-12-02,4,4,7.43,14.5,18.1,18.5
2021-12-03,6,4,7.29,14.5,18.1,18.5
2021-12-04,6,5,7.51,14.5,18.1,18.5
2021-12-05,4,3,7.66,14.5,18.1,18.5
2021-12-06,4,2,7.84,14.5,18.1,18.5
2021-12-07,2,2,7.83,14.5,18.1,18.5
2021-12-08,5,5,7.9,14.5,18.1,18.5
2021-12-09,5,2,7.89,14.5,18.1,18.5
2021-12-10,1,1,7.67,14.5,18.1,18.5
2021-12-11,5,3,7.79,14.5,18.1,18.5
2021-12-12,5,5,7.77,14.5,18.1,18.5
2021-12-13,4,4,7.51,14.5,18.1,18.5
2021-12-14,6,4,7.45,14.5,18.1,18.5
2021-12-15,5,6,7.31,14.5,18.1,18.5
2021-12-16,4,4,7.35,14.5,18.1,18.5
2021-12-17,4,3,7.14,14.5,18.1,18.5
2021-12-18,4,4,7.0,14.5,18.1,18.5
2021-12-19,5,5,6.79,14.5,18.1,18.5
2021-12-20,5,3,6.81,14.5,18.1,18.5
2021-12-21,4,3,6.67,14.5,18.1,18.5
2021-12-22,5,4,6.69,14.5,18.1,18.5
2021-12-23,7,5,6.5,14.5,18.1,18.5
2021-12-24,10,7,6.62,14.5,18.1,18.5
2021-12-25,4,4,6.56,14.5,18.1,18.5
2021-12-26,3,2,6.52,14.5,18.1,18.5
2021-12-27,1,1,6.56,14.5,18.1,18.5
2021-12-28,1,1,6.66,14.5,18.1,18.5
2021-12-29,2,1,6.85,14.5,18.1,18.5
2021-12-30,2,2,6.99,14.5,18.1,18.5
2021-12-31,11,8,7.13,14.5,18.1,18.5
2022-01-01,9,6,7.26,14.5,18.1,18.5
2022-01-02,9,6,7.27,14.5,18.1,18.5
2022-01-03,6,4,7.57,14.5,18.1,18.5
2022-01-04,14,11,7.52,14.5,18.1,18.5
2022-01-05,3,2,7.7,14.5,18.1,18.5
2022-01-06,4,3,7.71,14.5,18.1,18.5
2022-01-07,3,2,7.81,14.5,18.1,18.5
2022-01-08,3,1,7.78,14.5,18.1,18.5
2022-01-09,8,6,7.83,14.5,18.1,18.5
2022-01-10,1,1,7.77,14.5,18.1,18.5
2022-01-11,8,5,7.8,14.5,18.1,18.5
2022-01-12,8,5,7.56,14.5,18.1,18.5
2022-01-13,4,2,7.37,14.5,18.1,18.5
2022-01-14,4,3,7.34,14.5,18.1,18.5
2022-01-15,5,3,7.43,14.5,18.1,18.5
2022-01-16,8,5,7.18,14.5,18.1,18.5
2022-01-17,10,8,7.09,14.5,18.1,18.5
2022-01-18,5,4,6.85,14.5,18.1,18.5
2022-01-19,5,3,6.86,14.5,18.1,18.5
2022-01-20,7,4,6.66,14.5,18.1,18.5
2022-01-21,1,1,6.6,14.5,18.1,18.5
2022-01-22,6,4,6.59,14.5,18.1,18.5
2022-01-23,7,3,6.65,14.5,18.1,18.5
2022-01-24,7,4,6.66,14.5,18.1,18.5
2022-01-25,5,4,6.68,14.5,18.1,18.5
2022-01-26,6,5,6.51,14.5,18.1,18.5
2022-01-27,5,5,6.74,14.5,18.1,18.5
2022-01-28,4,3,6.81,14.5,18.1,18.5
2022-01-29,3,2,6.78,14.5,18.1,18.5
2022-01-30,9,6,7.05,14.5,18.1,18.5
2022-01-31,3,2,7.15,14.5,18.1,18.5
2022-02-01,6,4,7.35,14.5,18.1,18.5
2022-02-02,7,5,7.43,14.5,18.1,18.5
2022-02-03,5,4,7.47,14.5,18.1,18.5
2022-02-04,3,1,7.72,14.5,18.1,18.5
2022-02-05,3,3,7.48,14.5,18.1,18.5
2022-02-06,3,4,7.75,14.5,18.1,18.5
2022-02-07,10,8,7.62,14.5,18.1,18.5
2022-02-08,5,4,7.71,14.5,18.1,18.5
2022-02-09,7,6,7.83,14.5,18.1,18.5
2022-02-10,4,5,7.61,14.5,18.1,18.5
2022-02-11,1,1,7.53,14.5,18.1,18.5
2022-02-12,4,2,7.83,14.5,18.1,18.5
2022-02-13,7,5,7.35,14.5,18.1,18.5
2022-02-14,3,3,7.54,14.5,18.1,18.5
2022-02-15,3,1,7.23,14.5,18.1,18.5
2022-02-16,5,3,7.07,14.5,18.1,18.5
2022-02-17,7,6,7.06,14.5,18.1,18.5
2022-02-18,11,6,7.03,14.5,18.1,18.5
2022-02-19,2,1,6.68,14.5,18.1,18.5
2022-02-20,7,5,6.66,14.5,18.1,18.5
2022-02-21,2,2,6.74,14.5,18.1,18.5
2022-02-22,3,1,6.64,14.5,18.1,18.5
2022-02-23,5,3,6.71,14.5,18.1,18.5
2022-02-24,3,3,6.66,14.5,18.1,18.5
2022-02-25,4,3,6.83,14.5,18.1,18.5
2022-02-26,4,4,6.73,14.5,18.1,18.5
2022-02-27,2,1,6.82,14.5,18.1,18.5
2022-02-28,6,3,6.93,14.5,18.1,18.5
2022-03-01,3,3,6.99,14.5,18.1,18.5
2022-03-02,5,4,7.21,14.5,18.1,18.5
2022-03-03,5,2,7.27,14.5,18.1,18.5
2022-03-04,7,4,7.45,14.5,18.1,18.5
2022-03-05,11,9,7.58,14.5,18.1,18.5
2022-03-06,6,3,7.63,14.5,18.1,18.5
2022-03-07,5,4,7.72,14.5,18.1,18.5
2022-03-08,6,4,7.64,14.5,18.1,18.5
2022-03-09,4,2,7.73,14.5,18.1,18.5
2022-03-10,7,5,7.88,14.5,18.1,18.5
2022-03-11,6,2,7.93,14.5,18.1,18.5
2022-03-12,1,1,7.56,14.5,18.1,18.5
2022-03-13,5,4,7.65,14.5,18.1,18.5
2022-03-14,4,2,7.63,14.5,18.1,18.5
2022-03-15,4,4,7.44,14.5,18.1,18.5
2022-03-16,6,3,7.34,14.5,18.1,18.5
2022-03-17,4,3,7.35,14.5,18.1,18.5
2022-03-18,2,1,7.33,14.5,18.1,18.5
2022-03-19,3,1,6.85,14.5,18.1,18.5
2022-03-20,6,3,6.92,14.5,18.1,18.5
2022-03-21,3,4,6.88,14.5,18.1,18.5
2022-03-22,11,6,6.82,14.5,18.1,18.5
2022-03-23,8,5,6.7,14.5,18.1,18.5
2022-03-24,6,3,6.8,14.5,18.1,18.5
2022-03-25,6,6,6.6,14.5,18.1,18.5
2022-03-26,4,3,6.74,14.5,18.1,18.5
2022-03-27,1,1,6.57,14.5,18.1,18.5
2022-03-28,6,6,6.69,14.5,18.1,18.5
2022-03-29,10,7,6.64,14.5,18.1,18.5
2022-03-30,6,4,6.94,14.5,18.1,18.5
2022-03-31,7,5,6.95,14.5,18.1,18.5
2022-04-01,2,2,7.11,14.5,18.1,18.5
2022-04-02,7,5,7.17,14.5,18.1,18.5
2022-04-03,7,5,7.38,14.5,18.1,18.5
2022-04-04,7,6,7.48,14.5,18.1,18.5
2022-04-05,2,2,7.45,14.5,18.1,18.5
2022-04-06,3,2,7.55,14.5,18.1,18.5
2022-04-07,11,7,7.71,14.5,18.1,18.5
2022-04-08,5,5,7.83,14.5,18.1,18.5
2022-04-09,4,2,7.98,14.5,18.1,18.5
2022-04-10,10,8,7.83,14.5,18.1,18.5
2022-04-11,2,2,7.88,14.5,18.1,18.5
2022-04-12,5,2,7.57,14.5,18.1,18.5
2022-04-13,1,2,7.86,14.5,18.1,18.5
2022-04-14,4,3,7.63,14.5,18.1,18.5
2022-04-15,9,7,7.46,14.5,18.1,18.5
2022-04-16,1,1,7.33,14.5,18.1,18.5
2022-04-17,6,5,7.11,14.5,18.1,18.5
2022-04-18,6,2,7.02,14.5,18.1,18.5
2022-04-19,5,3,7.17,14.5,18.1,18.5
2022-04-20,2,1,6.77,14.5,18.1,18.5
2022-04-21,3,2,6.67,14.5,18.1,18.5
2022-04-22,6,5,6.63,14.5,18.1,18.5
2022-04-23,6,4,6.52,14.5,18.1,18.5
2022-04-24,4,4,6.61,14.5,18.1,18.5
2022-04-25,12,8,6.71,14.5,18.1,18.5
2022-04-26,7,6,6.56,14.5,18.1,18.5
2022-04-27,9,7,6.52,14.5,18.1,18.5
2022-04-28,1,2,6.76,14.5,18.1,18.5
2022-04-29,6,4,6.81,14.5,18.1,18.5
2022-04-30,8,4,7.01,14.5,18.1,18.5
2022-05-01,2,2,6.98,14.5,18.1,18.5
2022-05-02,6,4,7.12,14.5,18.1,18.5
2022-05-03,2,1,7.26,14.5,18.1,18.5
2022-05-04,1,1,7.4,14.5,18.1,18.5
2022-05-05,10,8,7.47,14.5,18.1,18.5
2022-05-06,4,2,7.55,14.5,18.1,18.5
2022-05-07,3,3,7.5,14.5,18.1,18.5
2022-05-08,3,2,7.69,14.5,18.1,18.5
2022-05-09,3,2,7.86,14.5,18.1,18.5
2022-05-10,3,3,7.89,14.5,18.1,18.5
2022-05-11,7,6,7.74,14.5,18.1,18.5
2022-05-12,11,7,7.88,14.5,18.1,18.5
2022-05-13,6,4,7.69,14.5,18.1,18.5
2022-05-14,4,4,7.47,14.5,18.1,18.5
2022-05-15,9,7,7.34,14.5,18.1,18.5
2022-05-16,7,5,7.52,14.5,18.1,18.5
2022-05-17,9,6,7.24,14.5,18.1,18.5
2022-05-18,4,1,7.03,14.5,18.1,18.5
2022-05-19,9,5,6.8,14.5,18.1,18.5
2022-05-20,6,3,6.87,14.5,18.1,18.5
2022-05-21,1,1,6.85,14.5,18.1,18.5
2022-05-22,3,2,6.66,14.5,18.1,18.5
2022-05-23,6,4,6.56,14.5,18.1,18.5
2022-05-24,4,3,6.56,14.5,18.1,18.5
2022-05-25,3,1,6.72,14.5,18.1,18.5
2022-05-26,2,3,6.47,14.5,18.1,18.5
2022-05-27,4,4,6.58,14.5,18.1,18.5
2022-05-28,5,5,6.82,14.5,18.1,18.5
2022-05-29,7,5,6.83,14.5,18.1,18.5
2022-05-30,11,8,6.89,14.5,18.1,18.5
2022-05-31,7,6,6.92,14.5,18.1,18.5
2022-06-01,9,6,7.1,14.5,18.1,18.5
2022-06-02,6,3,7.17,14.5,18.1,18.5
2022-06-03,10,6,7.26,14.5,18.1,18.5
2022-06-04,8,6,7.36,14.5,18.1,18.5
2022-06-05,11,7,7.65,14.5,18.1,18.5
2022-06-06,13,9,7.65,14.5,18.1,18.5
2022-06-07,8,4,7.76,14.5,18.1,18.5
2022-06-08,8,6,7.79,14.5,18.1,18.5
2022-06-09,13,7,7.84,14.5,18.1,18.5
2022-06-10,8,5,7.77,14.5,18.1,18.5
2022-06-11,13,11,7.72,14.5,18.1,18.5
2022-06-12,10,8,7.63,14.5,18.1,18.5
2022-06-13,6,5,7.5,14.5,18.1,18.5
2022-06-14,7,5,7.44,14.5,18.1,18.5
2022-06-15,6,4,7.4,14.5,18.1,18.5
2022-06-16,12,8,7.16,14.5,18.1,18.5
2022-06-17,7,5,7.06,14.5,18.1,18.5
2022-06-18,13,8,7.18,14.5,18.1,18.5
2022-06-19,14,10,6.98,14.5,18.1,18.5
2022-06-20,7,5,6.81,14.5,18.1,18.5
2022-06-21,10,6,6.99,14.5,18.1,18.5
2022-06-22,13,10,6.52,14.5,18.1,18.5
2022-06-23,10,7,6.73,14.5,18.1,18.5
2022-06-24,11,8,6.59,14.5,18.1,18.5
2022-06-25,11,7,6.68,14.5,18.1,18.5
2022-06-26,19,13,6.64,14.5,18.1,18.5
2022-06-27,11,8,6.49,14.5,18.1,18.5
2022-06-28,13,10,6.75,14.5,18.1,18.5
2022-06-29,11,9,6.87,14.5,18.1,18.5
2022-06-30,5,3,6.72,14.5,18.1,18.5
2022-07-01,13,9,7.25,14.5,18.1,18.5
2022-07-02,10,8,7.21,14.5,18.1,18.5
2022-07-03,8,4,7.37,14.5,18.1,18.5
2022-07-04,4,4,7.3,14.5,18.1,18.5
2022-07-05,10,6,7.6,14.5,18.1,18.5
2022-07-06,12,9,7.73,14.5,18.1,18.5
2022-07-07,6,3,7.73,14.5,18.1,18.5
2022-07-08,8,6,7.76,14.5,18.1,18.5
2022-07-09,13,10,7.7,14.5,18.1,18.5
2022-07-10,13,10,7.78,14.5,18.1,18.5
2022-07-11,8,5,7.73,14.5,18.1,18.5
2022-07-12,5,3,7.8,14.5,18.1,18.5
2022-07-13,11,7,7.59,14.5,18.1,18.5
2022-07-14,12,6,7.64,14.5,18.1,18.5
2022-07-15,9,7,7.4,14.5,18.1,18.5
2022-07-16,12,9,7.34,14.5,18.1,18.5
2022-07-17,7,4,7.31,14.5,18.1,18.5
2022-07-18,12,10,7.06,14.5,18.1,18.5
2022-07-19,14,9,7.07,14.5,18.1,18.5
2022-07-20,7,5,6.95,14.5,18.1,18.5
2022-07-21,7,4,6.77,14.5,18.1,18.5
2022-07-22,5,2,6.83,14.5,18.1,18.5
2022-07-23,12,7,6.66,14.5,18.1,18.5
2022-07-24,9,6,6.72,14.5,18.1,18.5
2022-07-25,10,8,6.78,14.5,18.1,18.5
2022-07-26,8,6,6.59,14.5,18.1,18.5
2022-07-27,6,4,6.72,14.5,18.1,18.5
2022-07-28,5,1,6.65,14.5,18.1,18.5
2022-07-29,11,9,6.69,14.5,18.1,18.5
2022-07-30,10,7,6.87,14.5,18.1,18.5
2022-07-31,8,6,6.87,14.5,18.1,18.5
2022-08-01,12,9,7.03,14.5,18.1,18.5
2022-08-02,9,8,7.31,14.5,18.1,18.5
2022-08-03,12,10,7.32,14.5,18.1,18.5
2022-08-04,14,9,7.56,14.5,18.1,18.5
2022-08-05,15,9,7.62,14.5,18.1,18.5
2022-08-06,8,7,7.86,14.5,18.1,18.5
2022-08-07,8,4,7.79,14.5,18.1,18.5
2022-08-08,9,8,7.89,14.5,18.1,18.5
2022-08-09,12,8,7.84,14.5,18.1,18.5
2022-08-10,8,5,7.82,14.5,18.1,18.5
2022-08-11,8,4,7.88,14.5,18.1,18.5
2022-08-12,6,3,7.77,14.5,18.1,18.5
2022-08-13,11,8,7.65,14.5,18.1,18.5
2022-08-14,6,4,7.55,14.5,18.1,18.5
2022-08-15,11,6,7.47,14.5,18.1,18.5
2022-08-16,8,5,7.23,14.5,18.1,18.5
2022-08-17,7,4,7.1,14.5,18.1,18.5
2022-08-18,8,6,7.2,14.5,18.1,18.5
2022-08-19,8,6,7.12,14.5,18.1,18.5
2022-08-20,10,7,6.74,14.5,18.1,18.5
2022-08-21,5,2,6.68,14.5,18.1,18.5
2022-08-22,11,8,6.79,14.5,18.1,18.5
2022-08-23,12,8,6.68,14.5,18.1,18.5
2022-08-24,9,7,6.67,14.5,18.1,18.5
2022-08-25,10,7,6.69,14.5,18.1,18.5
2022-08-26,9,7,6.61,14.5,18.1,18.5
2022-08-27,9,6,6.72,14.5,18.1,18.5
2022-08-28,14,8,6.78,14.5,18.1,18.5
2022-08-29,14,11,6.77,14.5,18.1,18.5
2022-08-30,16,10,6.99,14.5,18.1,18.5
2022-08-31,9,5,7.2,14.5,18.1,18.5
2022-09-01,11,8,7.17,14.5,18.1,18.5
2022-09-02,16,12,7.34,14.5,18.1,18.5
2022-09-03,5,3,7.46,14.5,18.1,18.5
2022-09-04,10,6,7.52,14.5,18.1,18.5
2022-09-05,11,7,7.71,14.5,18.1,18.5
2022-09-06,10,8,7.65,14.5,18.1,18.5
2022-09-07,11,8,7.9,14.5,18.1,18.5
2022-09-08,8,4,7.86,14.5,18.1,18.5
2022-09-09,7,4,7.7,14.5,18.1,18.5
2022-09-10,8,5,7.94,14.5,18.1,18.5
2022-09-11,10,8,7.74,14.5,18.1,18.5
2022-09-12,8,6,7.59,14.5,18.1,18.5
2022-09-13,15,11,7.68,14.5,18.1,18.5
2022-09-14,6,3,7.51,14.5,18.1,18.5
2022-09-15,8,5,7.17,14.5,18.1,18.5
2022-09-16,8,6,7.17,14.5,18.1,18.5
2022-09-17,7,4,7.13,14.5,18.1,18.5
2022-09-18,13,9,6.77,14.5,18.1,18.5
2022-09-19,8,6,6.88,14.5,18.1,18.5
2022-09-20,10,8,6.79,14.5,18.1,18.5
2022-09-21,10,7,6.58,14.5,18.1,18.5
2022-09-22,11,7,6.67,14.5,18.1,18.5
2022-09-23,9,5,6.61,14.5,18.1,18.5
2022-09-24,12,9,6.48,14.5,18.1,18.5
2022-09-25,8,7,6.71,14.5,18.1,18.5
2022-09-26,8,8,6.74,14.5,18.1,18.5
2022-09-27,9,6,6.7,14.5,18.1,18.5
2022-09-28,10,7,6.79,14.5,18.1,18.5
2022-09-29,10,6,6.99,14.5,18.1,18.5
2022-09-30,11,6,7.01,14.5,18.1,18.5
2022-10-01,6,4,6.96,14.5,18.1,18.5
2022-10-02,4,5,7.32,14.5,18.1,18.5
2022-10-03,7,6,7.31,14.5,18.1,18.5
2022-10-04,5,5,7.47,14.5,18.1,18.5
2022-10-05,4,3,7.75,14.5,18.1,18.5
2022-10-06,2,2,7.67,14.5,18.1,18.5
2022-10-07,10,5,7.75,14.5,18.1,18.5
2022-10-08,3,3,7.84,14.5,18.1,18.5
2022-10-09,1,1,7.85,14.5,18.1,18.5
2022-10-10,2,1,7.7,14.5,18.1,18.5
2022-10-11,6,4,7.74,14.5,18.1,18.5
2022-10-12,6,4,7.69,14.5,18.1,18.5
2022-10-13,7,4,7.63,14.5,18.1,18.5
2022-10-14,3,2,7.54,14.5,18.1,18.5
2022-10-15,6,4,7.65,14.5,18.1,18.5
2022-10-16,4,3,7.16,14.5,18.1,18.5
2022-10-17,3,1,7.25,14.5,18.1,18.5
2022-10-18,1,1,7.15,14.5,18.1,18.5
2022-10-19,2,1,6.96,14.5,18.1,18.5
2022-10-20,4,2,6.75,14.5,18.1,18.5
2022-10-21,7,5,6.89,14.5,18.1,18.5
2022-10-22,9,5,6.44,14.5,18.1,18.5
2022-10-23,3,1,6.55,14.5,18.1,18.5
2022-10-24,2,2,6.72,14.5,18.1,18.5
2022-10-25,2,1,6.57,14.5,18.1,18.5
2022-10-26,6,6,6.8,14.5,18.1,18.5
2022-10-27,7,6,6.55,14.5,18.1,18.5
2022-10-28,8,5,6.66,14.5,18.1,18.5
2022-10-29,6,4,6.82,14.5,18.1,18.5
2022-10-30,6,4,7.02,14.5,18.1,18.5
2022-10-31,7,3,7.08,14.5,18.1,18.5
2022-11-01,4,1,7.18,14.5,18.1,18.5
2022-11-02,5,3,7.49,14.5,18.1,18.5
2022-11-03,4,2,7.61,14.5,18.1,18.5
2022-11-04,6,4,7.53,14.5,18.1,18.5
2022-11-05,9,6,7.49,14.5,18.1,18.5
2022-11-06,5,5,7.51,14.5,18.1,18.5
2022-11-07,3,1,7.8,14.5,18.1,18.5
2022-11-08,2,1,7.86,14.5,18.1,18.5
2022-11-09,7,5,7.8,14.5,18.1,18.5
2022-11-10,1,1,7.76,14.5,18.1,18.5
2022-11-11,3,1,7.63,14.5,18.1,18.5
2022-11-12,5,4,7.71,14.5,18.1,18.5
2022-11-13,3,1,7.72,14.5,18.1,18.5
2022-11-14,2,1,7.22,14.5,18.1,18.5
2022-11-15,13,8,7.32,14.5,18.1,18.5
2022-11-16,6,3,7.1,14.5,18.1,18.5
2022-11-17,6,2,6.93,14.5,18.1,18.5
2022-11-18,8,6,6.85,14.5,18.1,18.5
2022-11-19,10,6,6.89,14.5,18.1,18.5
2022-11-20,3,2,6.8,14.5,18.1,18.5
2022-11-21,1,1,6.83,14.5,18.1,18.5
2022-11-22,8,5,6.63,14.5,18.1,18.5
2022-11-23,7,5,6.43,14.5,18.1,18.5
2022-11-24,11,8,6.58,14.5,18.1,18.5
2022-11-25,3,2,6.49,14.5,18.1,18.5
2022-11-26,7,6,6.55,14.5,18.1,18.5
2022-11-27,5,2,6.8,14.5,18.1,18.5
2022-11-28,3,2,6.85,14.5,18.1,18.5
2022-11-29,4,4,7.0,14.5,18.1,18.5
2022-11-30,2,2,7.02,14.5,18.1,18.5
2022-12-01,3,1,7.25,14.5,18.1,18.5
2022-12-02,1,1,7.26,14.5,18.1,18.5
2022-12-03,8,5,7.53,14.5,18.1,18.5
2022-12-04,7,6,7.56,14.5,18.1,18.5
2022-12-05,5,3,7.6,14.5,18.1,18.5
2022-12-06,4,3,7.72,14.5,18.1,18.5
2022-12-07,8,6,7.76,14.5,18.1,18.5
2022-12-08,1,3,7.95,14.5,18.1,18.5
2022-12-09,9,6,7.82,14.5,18.1,18.5
2022-12-10,4,2,7.78,14.5,18.1,18.5
2022-12-11,7,3,7.72,14.5,18.1,18.5
2022-12-12,3,2,7.76,14.5,18.1,18.5
2022-12-13,2,1,7.66,14.5,18.1,18.5
2022-12-14,7,2,7.46,14.5,18.1,18.5
2022-12-15,10,6,7.26,14.5,18.1,18.5
2022-12-16,5,4,7.16,14.5,18.1,18.5
2022-12-17,3,1,7.11,14.5,18.1,18.5
2022-12-18,2,2,7.14,14.5,18.1,18.5
2022-12-19,8,4,6.87,14.5,18.1,18.5
2022-12-20,6,5,6.73,14.5,18.1,18.5
2022-12-21,4,4,6.54,14.5,18.1,18.5
2022-12-22,2,2,6.8,14.5,18.1,18.5
2022-12-23,2,1,6.67,14.5,18.1,18.5
2022-12-24,2,2,6.68,14.5,18.1,18.5
2022-12-25,3,1,6.71,14.5,18.1,18.5
2022-12-26,3,1,6.63,14.5,18.1,18.5
2022-12-27,6,4,6.72,14.5,18.1,18.5
2022-12-28,4,2,6.94,14.5,18.1,18.5
2022-12-29,6,5,6.91,14.5,18.1,18.5
2022-12-30,4,3,7.06,14.5,18.1,18.5
2022-12-31,5,2,7.21,14.5,18.1,18.5
2023-01-01,6,4,7.31,14.5,18.1,18.5
2023-01-02,5,3,7.36,14.5,18.1,18.5
2023-01-03,8,6,7.48,14.5,18.1,18.5
2023-01-04,6,5,7.67,14.5,18.1,18.5
2023-01-05,3,3,7.75,14.5,18.1,18.5
2023-01-06,4,3,7.86,14.5,18.1,18.5
2023-01-07,10,7,7.84,14.5,18.1,18.5
2023-01-08,10,6,7.86,14.5,18.1,18.5
2023-01-09,7,6,7.75,14.5,18.1,18.5
2023-01-10,3,1,7.7,14.5,18.1,18.5
2023-01-11,4,5,7.78,14.5,18.1,18.5
2023-01-12,7,5,7.57,14.5,18.1,18.5
2023-01-13,5,5,7.53,14.5,18.1,18.5
2023-01-14,6,5,7.56,14.5,18.1,18.5
2023-01-15,7,4,7.42,14.5,18.1,18.5
2023-01-16,4,2,7.21,14.5,18.1,18.5
2023-01-17,4,2,7.02,14.5,18.1,18.5
2023-01-18,14,9,6.92,14.5,18.1,18.5
2023-01-19,6,3,6.92,14.5,18.1,18.5
2023-01-20,8,4,6.74,14.5,18.1,18.5
2023-01-21,2,1,6.62,14.5,18.1,18.5
2023-01-22,3,2,6.75,14.5,18.1,18.5
2023-01-23,6,3,6.62,14.5,18.1,18.5
2023-01-24,4,5,6.55,14.5,18.1,18.5
2023-01-25,4,3,6.68,14.5,18.1,18.5
2023-01-26,6,4,6.78,14.5,18.1,18.5
2023-01-27,4,1,6.66,14.5,18.1,18.5
2023-01-28,7,5,6.83,14.5,18.1,18.5
2023-01-29,10,6,6.93,14.5,18.1,18.5
2023-01-30,6,5,7.12,14.5,18.1,18.5
2023-01-31,4,2,7.26,14.5,18.1,18.5
2023-02-01,6,3,7.27,14.5,18.1,18.5
2023-02-02,8,7,7.29,14.5,18.1,18.5
2023-02-03,3,2,7.65,14.5,18.1,18.5
2023-02-04,6,4,7.53,14.5,18.1,18.5
2023-02-05,1,1,7.74,14.5,18.1,18.5
2023-02-06,8,6,7.75,14.5,18.1,18.5
2023-02-07,7,4,7.81,14.5,18.1,18.5
2023-02-08,8,6,7.96,14.5,18.1,18.5
2023-02-09,9,6,8.08,14.5,18.1,18.5
2023-02-10,7,6,7.56,14.5,18.1,18.5
2023-02-11,1,1,7.76,14.5,18.1,18.5
2023-02-12,5,3,7.55,14.5,18.1,18.5
2023-02-13,5,5,7.57,14.5,18.1,18.5
2023-02-14,2,3,7.44,14.5,18.1,18.5
2023-02-15,5,1,7.37,14.5,18.1,18.5
2023-02-16,3,3,7.13,14.5,18.1,18.5
2023-02-17,7,5,6.89,14.5,18.1,18.5
2023-02-18,7,4,6.96,14.5,18.1,18.5
2023-02-19,5,3,6.79,14.5,18.1,18.5
2023-02-20,9,6,6.67,14.5,18.1,18.5
2023-02-21,9,6,6.59,14.5,18.1,18.5
2023-02-22,5,2,6.71,14.5,18.1,18.5
2023-02-23,9,5,6.76,14.5,18.1,18.5
2023-02-24,9,6,6.5,14.5,18.1,18.5
2023-02-25,10,7,6.72,14.5,18.1,18.5
2023-02-26,4,3,6.69,14.5,18.1,18.5
2023-02-27,3,3,6.67,14.5,18.1,18.5
2023-02-28,8,6,6.93,14.5,18.1,18.5
2023-03-01,6,3,6.95,14.5,18.1,18.5
2023-03-02,9,7,6.99,14.5,18.1,18.5
2023-03-03,1,1,7.2,14.5,18.1,18.5
2023-03-04,6,5,7.29,14.5,18.1,18.5
2023-03-05,2,1,7.44,14.5,18.1,18.5
2023-03-06,9,6,7.47,14.5,18.1,18.5
2023-03-07,6,4,7.65,14.5,18.1,18.5
2023-03-08,1,1,7.68,14.5,18.1,18.5
2023-03-09,3,2,7.82,14.5,18.1,18.5
2023-03-10,3,2,7.86,14.5,18.1,18.5
2023-03-11,4,5,7.81,14.5,18.1,18.5
2023-03-12,6,2,7.73,14.5,18.1,18.5
2023-03-13,8,5,7.66,14.5,18.1,18.5
2023-03-14,6,3,7.52,14.5,18.1,18.5
2023-03-15,10,5,7.43,14.5,18.1,18.5
2023-03-16,10,6,7.47,14.5,18.1,18.5
2023-03-17,5,4,7.1,14.5,18.1,18.5
2023-03-18,6,4,7.14,14.5,18.1,18.5
2023-03-19,3,2,7.0,14.5,18.1,18.5
2023-03-20,13,7,6.97,14.5,18.1,18.5
2023-03-21,5,3,6.67,14.5,18.1,18.5
2023-03-22,10,7,6.73,14.5,18.1,18.5
2023-03-23,3,3,6.7,14.5,18.1,18.5
2023-03-24,6,3,6.43,14.5,18.1,18.5
2023-03-25,2,1,6.49,14.5,18.1,18.5
2023-03-26,1,2,6.6,14.5,18.1,18.5
2023-03-27,5,3,6.69,14.5,18.1,18.5
2023-03-28,2,1,6.72,14.5,18.1,18.5
2023-03-29,8,7,6.83,14.5,18.1,18.5
2023-03-30,8,6,6.76,14.5,18.1,18.5
2023-03-31,5,4,6.82,14.5,18.1,18.5
2023-04-01,4,1,7.11,14.5,18.1,18.5
2023-04-02,7,7,7.1,14.5,18.1,18.5
2023-04-03,7,4,7.26,14.5,18.1,18.5
2023-04-04,2,1,7.56,14.5,18.1,18.5
2023-04-05,2,1,7.59,14.5,18.1,18.5
2023-04-06,7,6,7.6,14.5,18.1,18.5
2023-04-07,3,2,7.66,14.5,18.1,18.5
2023-04-08,8,6,7.84,14.5,18.1,18.5
2023-04-09,6,5,7.82,14.5,18.1,18.5
2023-04-10,6,4,7.67,14.5,18.1,18.5
2023-04-11,6,4,7.57,14.5,18.1,18.5
2023-04-12,7,6,7.9,14.5,18.1,18.5
2023-04-13,6,3,7.52,14.5,18.1,18.5
2023-04-14,1,1,7.6,14.5,18.1,18.5
2023-04-15,3,3,7.59,14.5,18.1,18.5
2023-04-16,5,4,7.34,14.5,18.1,18.5
2023-04-17,1,2,7.14,14.5,18.1,18.5
2023-04-18,4,2,6.93,14.5,18.1,18.5
2023-04-19,5,4,6.81,14.5,18.1,18.5
2023-04-20,3,4,6.89,14.5,18.1,18.5
2023-04-21,3,2,6.9,14.5,18.1,18.5
2023-04-22,7,4,6.65,14.5,18.1,18.5
2023-04-23,1,1,6.58,14.5,18.1,18.5
2023-04-24,9,5,6.67,14.5,18.1,18.5
2023-04-25,6,4,6.53,14.5,18.1,18.5
2023-04-26,4,4,6.65,14.5,18.1,18.5
2023-04-27,1,1,6.68,14.5,18.1,18.5
2023-04-28,6,2,6.7,14.5,18.1,18.5
2023-04-29,5,5,6.83,14.5,18.1,18.5
2023-04-30,2,1,7.11,14.5,18.1,18.5
2023-05-01,4,1,7.11,14.5,18.1,18.5
2023-05-02,3,2,7.28,14.5,18.1,18.5
2023-05-03,7,5,7.21,14.5,18.1,18.5
2023-05-04,5,4,7.53,14.5,18.1,18.5
2023-05-05,4,3,7.59,14.5,18.1,18.5
2023-05-06,5,6,7.47,14.5,18.1,18.5
2023-05-07,2,2,7.76,14.5,18.1,18.5
2023-05-08,4,4,7.71,14.5,18.1,18.5
2023-05-09,4,4,7.64,14.5,18.1,18.5
2023-05-10,3,1,7.81,14.5,18.1,18.5
2023-05-11,4,3,7.84,14.5,18.1,18.5
2023-05-12,5,5,7.75,14.5,18.1,18.5
2023-05-13,7,4,7.66,14.5,18.1,18.5
2023-05-14,8,5,7.55,14.5,18.1,18.5
2023-05-15,3,2,7.73,14.5,18.1,18.5
2023-05-16,3,2,7.25,14.5,18.1,18.5
2023-05-17,3,1,7.34,14.5,18.1,18.5
2023-05-18,5,3,7.13,14.5,18.1,18.5
2023-05-19,2,3,6.92,14.5,18.1,18.5
2023-05-20,9,6,6.89,14.5,18.1,18.5
2023-05-21,9,5,6.65,14.5,18.1,18.5
2023-05-22,1,1,6.65,14.5,18.1,18.5
2023-05-23,5,5,6.65,14.5,18.1,18.5
2023-05-24,6,4,6.46,14.5,18.1,18.5
2023-05-25,3,2,6.65,14.5,18.1,18.5
2023-05-26,7,4,6.52,14.5,18.1,18.5
2023-05-27,6,4,6.51,14.5,18.1,18.5
2023-05-28,5,5,6.6,14.5,18.1,18.5
2023-05-29,7,4,7.01,14.5,18.1,18.5
2023-05-30,11,8,6.7,14.5,18.1,18.5
2023-05-31,3,1,7.05,14.5,18.1,18.5
2023-06-01,7,7,7.05,14.5,18.1,18.5
2023-06-02,7,5,7.21,14.5,18.1,18.5
2023-06-03,11,7,7.43,14.5,18.1,18.5
2023-06-04,7,5,7.54,14.5,18.1,18.5
2023-06-05,10,6,7.52,14.5,18.1,18.5
2023-06-06,16,11,7.54,14.5,18.1,18.5
2023-06-07,14,7,7.8,14.5,18.1,18.5
2023-06-08,11,8,7.84,14.5,18.1,18.5
2023-06-09,12,8,7.77,14.5,18.1,18.5
2023-06-10,5,4,7.84,14.5,18.1,18.5
2023-06-11,10,7,7.71,14.5,18.1,18.5
2023-06-12,8,5,7.62,14.5,18.1,18.5
2023-06-13,9,7,7.62,14.5,18.1,18.5
2023-06-14,17,11,7.58,14.5,18.1,18.5
2023-06-15,10,7,7.45,14.5,18.1,18.5
2023-06-16,7,3,7.35,14.5,18.1,18.5
2023-06-17,9,7,7.1,14.5,18.1,18.5
2023-06-18,10,8,7.21,14.5,18.1,18.5
2023-06-19,10,6,6.9,14.5,18.1,18.5
2023-06-20,12,9,6.82,14.5,18.1,18.5
2023-06-21,17,12,6.61,14.5,18.1,18.5
2023-06-22,15,9,6.65,14.5,18.1,18.5
2023-06-23,9,4,6.68,14.5,18.1,18.5
2023-06-24,8,6,6.68,14.5,18.1,18.5
2023-06-25,9,6,6.76,14.5,18.1,18.5
2023-06-26,11,9,6.68,14.5,18.1,18.5
2023-06-27,11,8,6.71,14.5,18.1,18.5
2023-06-28,8,5,6.71,14.5,18.1,18.5
2023-06-29,12,10,6.79,14.5,18.1,18.5
2023-06-30,8,6,7.06,14.5,18.1,18.5
2023-07-01,8,2,7.17,14.5,18.1,18.5
2023-07-02,8,5,7.09,14.5,18.1,18.5
2023-07-03,10,6,7.4,14.5,18.1,18.5
2023-07-04,8,5,7.51,14.5,18.1,18.5
2023-07-05,10,7,7.44,14.5,18.1,18.5
2023-07-06,8,6,7.7,14.5,18.1,18.5
2023-07-07,11,8,7.61,14.5,18.1,18.5
2023-07-08,8,7,7.52,14.5,18.1,18.5
2023-07-09,13,10,7.78,14.5,18.1,18.5
2023-07-10,9,7,7.82,14.5,18.1,18.5
2023-07-11,5,4,7.76,14.5,18.1,18.5
2023-07-12,15,12,8.01,14.5,18.1,18.5
2023-07-13,13,9,7.7,14.5,18.1,18.5
2023-07-14,12,8,7.58,14.5,18.1,18.5
2023-07-15,12,7,7.51,14.5,18.1,18.5
2023-07-16,8,7,7.3,14.5,18.1,18.5
2023-07-17,8,5,7.32,14.5,18.1,18.5
2023-07-18,10,10,7.14,14.5,18.1,18.5
2023-07-19,6,4,7.01,14.5,18.1,18.5
2023-07-20,10,7,6.81,14.5,18.1,18.5
2023-07-21,14,10,6.62,14.5,18.1,18.5
2023-07-22,11,6,6.65,14.5,18.1,18.5
2023-07-23,11,8,6.67,14.5,18.1,18.5
2023-07-24,9,6,6.56,14.5,18.1,18.5
2023-07-25,8,5,6.63,14.5,18.1,18.5
2023-07-26,12,9,6.6,14.5,18.1,18.5
2023-07-27,4,2,6.7,14.5,18.1,18.5
2023-07-28,7,5,6.63,14.5,18.1,18.5
2023-07-29,12,10,6.83,14.5,18.1,18.5
2023-07-30,10,6,6.85,14.5,18.1,18.5
2023-07-31,10,7,6.87,14.5,18.1,18.5
2023-08-01,11,10,7.13,14.5,18.1,18.5
2023-08-02,8,6,7.43,14.5,18.1,18.5
2023-08-03,8,5,7.25,14.5,18.1,18.5
2023-08-04,10,8,7.52,14.5,18.1,18.5
2023-08-05,10,6,7.69,14.5,18.1,18.5
2023-08-06,10,6,7.92,14.5,18.1,18.5
2023-08-07,8,7,7.7,14.5,18.1,18.5
2023-08-08,9,5,7.72,14.5,18.1,18.5
2023-08-09,7,7,7.68,14.5,18.1,18.5
2023-08-10,7,4,7.9,14.5,18.1,18.5
2023-08-11,9,8,7.66,14.5,18.1,18.5
2023-08-12,8,4,7.65,14.5,18.1,18.5
2023-08-13,8,6,7.42,14.5,18.1,18.5
2023-08-14,7,6,7.6,14.5,18.1,18.5
2023-08-15,10,8,7.51,14.5,18.1,18.5
2023-08-16,8,7,7.36,14.5,18.1,18.5
2023-08-17,8,5,6.99,14.5,18.1,18.5
2023-08-18,10,6,7.09,14.5,18.1,18.5
2023-08-19,13,9,6.75,14.5,18.1,18.5
2023-08-20,10,7,6.82,14.5,18.1,18.5
2023-08-21,13,8,6.75,14.5,18.1,18.5
2023-08-22,6,5,6.69,14.5,18.1,18.5
2023-08-23,12,9,6.67,14.5,18.1,18.5
2023-08-24,6,3,6.6,14.5,18.1,18.5
2023-08-25,9,6,6.41,14.5,18.1,18.5
2023-08-26,9,6,6.69,14.5,18.1,18.5
2023-08-27,13,8,6.71,14.5,18.1,18.5
2023-08-28,11,8,6.69,14.5,18.1,18.5
2023-08-29,14,9,6.71,14.5,18.1,18.5
2023-08-30,15,10,7.14,14.5,18.1,18.5
2023-08-31,10,7,7.22,14.5,18.1,18.5
2023-09-01,10,8,7.3,14.5,18.1,18.5
2023-09-02,11,8,7.28,14.5,18.1,18.5
2023-09-03,8,6,7.21,14.5,18.1,18.5
2023-09-04,9,6,7.64,14.5,18.1,18.5
2023-09-05,7,5,7.69,14.5,18.1,18.5
2023-09-06,17,12,7.69,14.5,18.1,18.5
2023-09-07,7,5,7.89,14.5,18.1,18.5
2023-09-08,7,4,7.88,14.5,18.1,18.5
2023-09-09,8,7,7.81,14.5,18.1,18.5
2023-09-10,9,6,7.77,14.5,18.1,18.5
2023-09-11,7,4,7.72,14.5,18.1,18.5
2023-09-12,11,10,7.71,14.5,18.1,18.5
2023-09-13,7,5,7.46,14.5,18.1,18.5
2023-09-14,5,5,7.48,14.5,18.1,18.5
2023-09-15,9,8,7.23,14.5,18.1,18.5
2023-09-16,7,6,7.33,14.5,18.1,18.5
2023-09-17,10,7,7.13,14.5,18.1,18.5
2023-09-18,11,8,6.89,14.5,18.1,18.5
2023-09-19,12,7,6.86,14.5,18.1,18.5
2023-09-20,12,10,6.67,14.5,18.1,18.5
2023-09-21,9,5,6.83,14.5,18.1,18.5
2023-09-22,11,7,6.79,14.5,18.1,18.5
2023-09-23,8,5,6.67,14.5,18.1,18.5
2023-09-24,10,7,6.76,14.5,18.1,18.5
2023-09-25,9,6,6.64,14.5,18.1,18.5
2023-09-26,10,9,6.75,14.5,18.1,18.5
2023-09-27,11,9,6.86,14.5,18.1,18.5
2023-09-28,10,7,6.83,14.5,18.1,18.5
2023-09-29,11,7,6.94,14.5,18.1,18.5
2023-09-30,6,5,7.15,14.5,18.1,18.5
2023-10-01,7,4,7.24,14.5,18.1,18.5
2023-10-02,5,5,7.22,14.5,18.1,18.5
2023-10-03,3,2,7.2,14.5,18.1,18.5
2023-10-04,4,4,7.51,14.5,18.1,18.5
2023-10-05,5,3,7.41,14.5,18.1,18.5
2023-10-06,3,2,7.6,14.5,18.1,18.5
2023-10-07,4,4,7.67,14.5,18.1,18.5
2023-10-08,2,4,7.73,14.5,18.1,18.5
2023-10-09,5,5,7.88,14.5,18.1,18.5
2023-10-10,11,8,7.89,14.5,18.1,18.5
2023-10-11,7,6,7.79,14.5,18.1,18.5
2023-10-12,8,5,7.74,14.5,18.1,18.5
2023-10-13,2,2,7.65,14.5,18.1,18.5
2023-10-14,1,1,7.24,14.5,18.1,18.5
2023-10-15,8,6,7.37,14.5,18.1,18.5
2023-10-16,3,3,7.07,14.5,18.1,18.5
2023-10-17,6,2,7.18,14.5,18.1,18.5
2023-10-18,3,2,6.8,14.5,18.1,18.5
2023-10-19,10,7,6.87,14.5,18.1,18.5
2023-10-20,4,3,6.85,14.5,18.1,18.5
2023-10-21,2,2,6.6,14.5,18.1,18.5
2023-10-22,4,2,6.75,14.5,18.1,18.5
2023-10-23,9,5,6.66,14.5,18.1,18.5
2023-10-24,4,4,6.64,14.5,18.1,18.5
2023-10-25,3,2,6.68,14.5,18.1,18.5
2023-10-26,8,6,6.61,14.5,18.1,18.5
2023-10-27,2,1,6.73,14.5,18.1,18.5
2023-10-28,1,1,6.79,14.5,18.1,18.5
2023-10-29,2,1,6.89,14.5,18.1,18.5
2023-10-30,7,5,6.94,14.5,18.1,18.5
2023-10-31,1,3,7.0,14.5,18.1,18.5
2023-11-01,7,4,7.22,14.5,18.1,18.5
2023-11-02,6,3,7.33,14.5,18.1,18.5
2023-11-03,7,5,7.41,14.5,18.1,18.5
2023-11-04,1,2,7.67,14.5,18.1,18.5
2023-11-05,8,5,7.56,14.5,18.1,18.5
2023-11-06,4,1,7.72,14.5,18.1,18.5
2023-11-07,5,3,7.9,14.5,18.1,18.5
2023-11-08,4,2,7.89,14.5,18.1,18.5
2023-11-09,5,3,7.91,14.5,18.1,18.5
2023-11-10,6,4,7.7,14.5,18.1,18.5
2023-11-11,9,5,7.78,14.5,18.1,18.5
2023-11-12,3,2,7.52,14.5,18.1,18.5
2023-11-13,6,4,7.5,14.5,18.1,18.5
2023-11-14,3,2,7.4,14.5,18.1,18.5
2023-11-15,6,3,7.24,14.5,18.1,18.5
2023-11-16,4,4,7.14,14.5,18.1,18.5
2023-11-17,6,4,7.0,14.5,18.1,18.5
2023-11-18,7,5,6.84,14.5,18.1,18.5
2023-11-19,2,2,6.92,14.5,18.1,18.5
2023-11-20,1,1,6.72,14.5,18.1,18.5
2023-11-21,5,4,6.69,14.5,18.1,18.5
2023-11-22,5,3,6.64,14.5,18.1,18.5
2023-11-23,7,6,6.61,14.5,18.1,18.5
2023-11-24,5,3,6.61,14.5,18.1,18.5
2023-11-25,8,6,6.6,14.5,18.1,18.5
2023-11-26,9,6,6.83,14.5,18.1,18.5
2023-11-27,9,5,6.83,14.5,18.1,18.5
2023-11-28,1,2,6.85,14.5,18.1,18.5
2023-11-29,4,2,6.91,14.5,18.1,18.5
2023-11-30,7,3,7.06,14.5,18.1,18.5
2023-12-01,6,1,7.24,14.5,18.1,18.5
2023-12-02,2,1,7.47,14.5,18.1,18.5
2023-12-03,3,4,7.3,14.5,18.1,18.5
2023-12-04,9,7,7.61,14.5,18.1,18.5
2023-12-05,9,5,7.75,14.5,18.1,18.5
2023-12-06,8,5,7.57,14.5,18.1,18.5
2023-12-07,3,2,7.75,14.5,18.1,18.5
2023-12-08,1,1,7.69,14.5,18.1,18.5
2023-12-09,7,4,7.84,14.5,18.1,18.5
2023-12-10,1,2,7.74,14.5,18.1,18.5
2023-12-11,4,3,7.71,14.5,18.1,18.5
2023-12-12,11,8,7.62,14.5,18.1,18.5
2023-12-13,4,2,7.64,14.5,18.1,18.5
2023-12-14,3,2,7.49,14.5,18.1,18.5
2023-12-15,4,1,7.37,14.5,18.1,18.5
2023-12-16,1,2,7.24,14.5,18.1,18.5
2023-12-17,6,4,7.16,14.5,18.1,18.5
2023-12-18,7,3,6.96,14.5,18.1,18.5
2023-12-19,2,3,7.04,14.5,18.1,18.5
2023-12-20,5,2,6.65,14.5,18.1,18.5
2023-12-21,4,3,6.53,14.5,18.1,18.5
2023-12-22,7,5,6.46,14.5,18.1,18.5
2023-12-23,8,4,6.4,14.5,18.1,18.5
2023-12-24,7,5,6.67,14.5,18.1,18.5
2023-12-25,9,5,6.67,14.5,18.1,18.5
2023-12-26,3,1,6.78,14.5,18.1,18.5
2023-12-27,1,1,6.62,14.5,18.1,18.5
2023-12-28,5,3,6.89,14.5,18.1,18.5
2023-12-29,4,4,6.92,14.5,18.1,18.5
2023-12-30,3,2,7.05,14.5,18.1,18.5
2023-12-31,5,4,7.21,14.5,18.1,18.5
2024-01-01,3,1,7.2,14.5,18.1,18.5
2024-01-02,7,4,7.65,14.5,18.1,18.5
2024-01-03,1,1,7.64,14.5,18.1,18.5
2024-01-04,9,5,7.55,14.5,18.1,18.5
2024-01-05,5,3,7.58,14.5,18.1,18.5
2024-01-06,5,3,7.74,14.5,18.1,18.5
2024-01-07,10,6,7.81,14.5,18.1,18.5
2024-01-08,7,5,7.91,14.5,18.1,18.5
2024-01-09,5,4,7.67,14.5,18.1,18.5
2024-01-10,3,2,7.78,14.5,18.1,18.5
2024-01-11,10,6,7.54,14.5,18.1,18.5
2024-01-12,3,3,7.65,14.5,18.1,18.5
2024-01-13,1,1,7.5,14.5,18.1,18.5
2024-01-14,1,1,7.59,14.5,18.1,18.5
2024-01-15,8,6,7.12,14.5,18.1,18.5
2024-01-16,6,5,7.29,14.5,18.1,18.5
2024-01-17,7,5,6.86,14.5,18.1,18.5
2024-01-18,4,5,6.78,14.5,18.1,18.5
2024-01-19,3,1,6.64,14.5,18.1,18.5
2024-01-20,6,3,6.75,14.5,18.1,18.5
2024-01-21,9,7,6.54,14.5,18.1,18.5
2024-01-22,13,9,6.48,14.5,18.1,18.5
2024-01-23,6,5,6.62,14.5,18.1,18.5
2024-01-24,6,4,6.65,14.5,18.1,18.5
2024-01-25,3,3,6.65,14.5,18.1,18.5
2024-01-26,6,3,6.68,14.5,18.1,18.5
2024-01-27,4,4,6.96,14.5,18.1,18.5
2024-01-28,8,7,6.89,14.5,18.1,18.5
2024-01-29,8,4,7.06,14.5,18.1,18.5
2024-01-30,8,6,7.12,14.5,18.1,18.5
2024-01-31,6,4,7.12,14.5,18.1,18.5
2024-02-01,1,1,7.4,14.5,18.1,18.5
2024-02-02,8,3,7.4,14.5,18.1,18.5
2024-02-03,4,2,7.56,14.5,18.1,18.5
2024-02-04,3,3,7.69,14.5,18.1,18.5
2024-02-05,10,8,7.53,14.5,18.1,18.5
2024-02-06,7,5,7.61,14.5,18.1,18.5
2024-02-07,1,2,7.89,14.5,18.1,18.5
2024-02-08,4,3,7.73,14.5,18.1,18.5
2024-02-09,5,3,7.71,14.5,18.1,18.5
2024-02-10,8,5,7.73,14.5,18.1,18.5
2024-02-11,6,5,7.6,14.5,18.1,18.5
2024-02-12,1,1,7.59,14.5,18.1,18.5
2024-02-13,5,4,7.44,14.5,18.1,18.5
2024-02-14,5,4,7.34,14.5,18.1,18.5
2024-02-15,8,5,7.13,14.5,18.1,18.5
2024-02-16,5,3,7.1,14.5,18.1,18.5
2024-02-17,2,1,7.07,14.5,18.1,18.5
2024-02-18,7,5,6.79,14.5,18.1,18.5
2024-02-19,4,3,6.85,14.5,18.1,18.5
2024-02-20,6,4,6.68,14.5,18.1,18.5
2024-02-21,6,2,6.71,14.5,18.1,18.5
2024-02-22,7,6,6.62,14.5,18.1,18.5
2024-02-23,3,1,6.6,14.5,18.1,18.5
2024-02-24,7,6,6.66,14.5,18.1,18.5
2024-02-25,4,3,6.79,14.5,18.1,18.5
2024-02-26,4,2,6.77,14.5,18.1,18.5
2024-02-27,3,2,6.88,14.5,18.1,18.5
2024-02-28,2,1,6.9,14.5,18.1,18.5
2024-02-29,9,7,7.21,14.5,18.1,18.5
2024-03-01,10,7,7.24,14.5,18.1,18.5
2024-03-02,7,4,7.31,14.5,18.1,18.5
2024-03-03,6,4,7.41,14.5,18.1,18.5
2024-03-04,4,3,7.63,14.5,18.1,18.5
2024-03-05,3,3,7.56,14.5,18.1,18.5
2024-03-06,5,3,7.52,14.5,18.1,18.5
2024-03-07,2,1,7.77,14.5,18.1,18.5
2024-03-08,8,6,7.91,14.5,18.1,18.5
2024-03-09,5,4,7.96,14.5,18.1,18.5
2024-03-10,3,1,7.77,14.5,18.1,18.5
2024-03-11,4,3,7.74,14.5,18.1,18.5
2024-03-12,9,6,7.73,14.5,18.1,18.5
2024-03-13,5,3,7.56,14.5,18.1,18.5
2024-03-14,2,3,7.54,14.5,18.1,18.5
2024-03-15,10,7,7.36,14.5,18.1,18.5
2024-03-16,8,6,7.35,14.5,18.1,18.5
2024-03-17,6,5,7.2,14.5,18.1,18.5
2024-03-18,6,3,7.09,14.5,18.1,18.5
2024-03-19,3,1,6.87,14.5,18.1,18.5
2024-03-20,1,2,6.99,14.5,18.1,18.5
2024-03-21,5,2,6.76,14.5,18.1,18.5
2024-03-22,5,2,6.68,14.5,18.1,18.5
2024-03-23,7,6,6.54,14.5,18.1,18.5
2024-03-24,3,1,6.59,14.5,18.1,18.5
2024-03-25,6,3,6.62,14.5,18.1,18.5
2024-03-26,1,3,6.57,14.5,18.1,18.5
2024-03-27,7,3,6.68,14.5,18.1,18.5
2024-03-28,2,1,6.78,14.5,18.1,18.5
2024-03-29,6,4,6.9,14.5,18.1,18.5
2024-03-30,7,4,6.83,14.5,18.1,18.5
2024-03-31,1,1,7.11,14.5,18.1,18.5
2024-04-01,7,4,7.21,14.5,18.1,18.5
2024-04-02,3,4,7.37,14.5,18.1,18.5
2024-04-03,12,8,7.59,14.5,18.1,18.5
2024-04-04,5,4,7.79,14.5,18.1,18.5
2024-04-05,2,2,7.74,14.5,18.1,18.5
2024-04-06,9,6,7.62,14.5,18.1,18.5
2024-04-07,5,5,7.75,14.5,18.1,18.5
2024-04-08,5,3,7.86,14.5,18.1,18.5
2024-04-09,3,2,7.84,14.5,18.1,18.5
2024-04-10,8,6,7.86,14.5,18.1,18.5
2024-04-11,4,4,7.69,14.5,18.1,18.5
2024-04-12,5,5,7.59,14.5,18.1,18.5
2024-04-13,3,2,7.7,14.5,18.1,18.5
2024-04-14,8,7,7.42,14.5,18.1,18.5
2024-04-15,9,4,7.2,14.5,18.1,18.5
2024-04-16,4,4,7.32,14.5,18.1,18.5
2024-04-17,4,2,6.9,14.5,18.1,18.5
2024-04-18,4,2,6.59,14.5,18.1,18.5
2024-04-19,5,4,6.91,14.5,18.1,18.5
2024-04-20,3,2,6.83,14.5,18.1,18.5
2024-04-21,4,3,6.71,14.5,18.1,18.5
2024-04-22,5,5,6.49,14.5,18.1,18.5
2024-04-23,6,4,6.6,14.5,18.1,18.5
2024-04-24,7,4,6.58,14.5,18.1,18.5
2024-04-25,5,5,6.58,14.5,18.1,18.5
2024-04-26,8,6,6.83,14.5,18.1,18.5
2024-04-27,1,3,6.65,14.5,18.1,18.5
2024-04-28,5,4,6.88,14.5,18.1,18.5
2024-04-29,6,3,7.08,14.5,18.1,18.5
2024-04-30,10,8,7.12,14.5,18.1,18.5
2024-05-01,3,1,7.32,14.5,18.1,18.5
2024-05-02,10,7,7.38,14.5,18.1,18.5
2024-05-03,5,3,7.48,14.5,18.1,18.5
2024-05-04,2,1,7.59,14.5,18.1,18.5
2024-05-05,10,6,7.7,14.5,18.1,18.5
2024-05-06,2,4,7.68,14.5,18.1,18.5
2024-05-07,8,6,7.64,14.5,18.1,18.5
2024-05-08,6,4,7.89,14.5,18.1,18.5
2024-05-09,4,5,7.91,14.5,18.1,18.5
2024-05-10,2,1,7.8,14.5,18.1,18.5
2024-05-11,5,3,7.67,14.5,18.1,18.5
2024-05-12,4,4,7.5,14.5,18.1,18.5
2024-05-13,4,2,7.58,14.5,18.1,18.5
2024-05-14,7,4,7.33,14.5,18.1,18.5
2024-05-15,5,2,7.2,14.5,18.1,18.5
2024-05-16,10,6,7.22,14.5,18.1,18.5
2024-05-17,1,1,7.02,14.5,18.1,18.5
2024-05-18,5,3,7.02,14.5,18.1,18.5
2024-05-19,7,5,6.86,14.5,18.1,18.5
2024-05-20,6,6,6.72,14.5,18.1,18.5
2024-05-21,1,1,6.53,14.5,18.1,18.5
2024-05-22,4,5,6.56,14.5,18.1,18.5
2024-05-23,9,6,6.53,14.5,18.1,18.5
2024-05-24,9,7,6.48,14.5,18.1,18.5
2024-05-25,2,2,6.59,14.5,18.1,18.5
2024-05-26,1,1,6.55,14.5,18.1,18.5
2024-05-27,9,6,6.71,14.5,18.1,18.5
2024-05-28,3,2,6.84,14.5,18.1,18.5
2024-05-29,6,3,6.83,14.5,18.1,18.5
2024-05-30,9,7,7.07,14.5,18.1,18.5
2024-05-31,2,3,7.01,14.5,18.1,18.5
2024-06-01,11,5,7.16,14.5,18.1,18.5
2024-06-02,11,7,7.38,14.5,18.1,18.5
2024-06-03,6,3,7.58,14.5,18.1,18.5
2024-06-04,8,6,7.69,14.5,18.1,18.5
2024-06-05,12,8,7.85,14.5,18.1,18.5
2024-06-06,10,6,7.71,14.5,18.1,18.5
2024-06-07,13,10,7.77,14.5,18.1,18.5
2024-06-08,9,8,7.7,14.5,18.1,18.5
2024-06-09,9,9,7.66,14.5,18.1,18.5
2024-06-10,9,5,7.77,14.5,18.1,18.5
2024-06-11,10,5,7.61,14.5,18.1,18.5
2024-06-12,6,5,7.73,14.5,18.1,18.5
2024-06-13,10,9,7.36,14.5,18.1,18.5
2024-06-14,11,8,7.44,14.5,18.1,18.5
2024-06-15,8,7,7.17,14.5,18.1,18.5
2024-06-16,9,6,7.07,14.5,18.1,18.5
2024-06-17,12,8,7.08,14.5,18.1,18.5
2024-06-18,9,6,6.85,14.5,18.1,18.5
2024-06-19,11,8,6.76,14.5,18.1,18.5
2024-06-20,5,4,6.65,14.5,18.1,18.5
2024-06-21,8,7,6.84,14.5,18.1,18.5
2024-06-22,13,10,6.56,14.5,18.1,18.5
2024-06-23,7,5,6.61,14.5,18.1,18.5
2024-06-24,9,6,6.59,14.5,18.1,18.5
2024-06-25,10,8,6.66,14.5,18.1,18.5
2024-06-26,10,5,6.64,14.5,18.1,18.5
2024-06-27,6,5,6.76,14.5,18.1,18.5
2024-06-28,10,7,6.91,14.5,18.1,18.5
2024-06-29,8,6,6.9,14.5,18.1,18.5
2024-06-30,13,9,7.21,14.5,18.1,18.5
2024-07-01,12,9,7.34,14.5,18.1,18.5
2024-07-02,11,7,7.41,14.5,18.1,18.5
2024-07-03,11,9,7.47,14.5,18.1,18.5
2024-07-04,9,7,7.27,14.5,18.1,18.5
2024-07-05,14,10,7.7,14.5,18.1,18.5
2024-07-06,9,6,7.69,14.5,18.1,18.5
2024-07-07,9,7,7.75,14.5,18.1,18.5
2024-07-08,12,8,7.61,14.5,18.1,18.5
2024-07-09,8,5,7.84,14.5,18.1,18.5
2024-07-10,5,4,7.62,14.5,18.1,18.5
2024-07-11,10,8,7.73,14.5,18.1,18.5
2024-07-12,7,6,7.73,14.5,18.1,18.5
2024-07-13,6,5,7.5,14.5,18.1,18.5
2024-07-14,8,6,7.56,14.5,18.1,18.5
2024-07-15,11,9,7.25,14.5,18.1,18.5
2024-07-16,10,8,7.26,14.5,18.1,18.5
2024-07-17,8,6,6.95,14.5,18.1,18.5
2024-07-18,16,11,7.06,14.5,18.1,18.5
2024-07-19,9,5,6.94,14.5,18.1,18.5
2024-07-20,8,5,6.81,14.5,18.1,18.5
2024-07-21,8,7,6.65,14.5,18.1,18.5
2024-07-22,8,6,6.49,14.5,18.1,18.5
2024-07-23,6,6,6.57,14.5,18.1,18.5
2024-07-24,10,7,6.71,14.5,18.1,18.5
2024-07-25,6,4,6.64,14.5,18.1,18.5
2024-07-26,12,8,6.52,14.5,18.1,18.5
2024-07-27,11,8,6.63,14.5,18.1,18.5
2024-07-28,12,8,6.96,14.5,18.1,18.5
2024-07-29,6,3,6.99,14.5,18.1,18.5
2024-07-30,11,8,6.93,14.5,18.1,18.5
2024-07-31,13,10,7.0,14.5,18.1,18.5
2024-08-01,10,9,7.24,14.5,18.1,18.5
2024-08-02,8,5,7.23,14.5,18.1,18.5
2024-08-03,13,9,7.51,14.5,18.1,18.5
2024-08-04,11,7,7.87,14.5,18.1,18.5
2024-08-05,8,7,7.54,14.5,18.1,18.5
2024-08-06,9,7,7.74,14.5,18.1,18.5
2024-08-07,12,8,7.92,14.5,18.1,18.5
2024-08-08,10,6,7.87,14.5,18.1,18.5
2024-08-09,14,11,7.77,14.5,18.1,18.5
2024-08-10,9,7,7.72,14.5,18.1,18.5
2024-08-11,10,7,7.56,14.5,18.1,18.5
2024-08-12,9,5,7.56,14.5,18.1,18.5
2024-08-13,13,7,7.51,14.5,18.1,18.5
2024-08-14,12,8,7.48,14.5,18.1,18.5
2024-08-15,13,9,7.19,14.5,18.1,18.5
2024-08-16,17,14,7.11,14.5,18.1,18.5
2024-08-17,9,6,6.91,14.5,18.1,18.5
2024-08-18,11,10,6.92,14.5,18.1,18.5
2024-08-19,10,8,6.87,14.5,18.1,18.5
2024-08-20,10,6,6.77,14.5,18.1,18.5
2024-08-21,15,11,6.53,14.5,18.1,18.5
2024-08-22,11,9,6.63,14.5,18.1,18.5
2024-08-23,10,5,6.53,14.5,18.1,18.5
2024-08-24,10,7,6.71,14.5,18.1,18.5
2024-08-25,9,7,6.63,14.5,18.1,18.5
2024-08-26,8,6,6.56,14.5,18.1,18.5
2024-08-27,7,5,6.77,14.5,18.1,18.5
2024-08-28,13,9,6.94,14.5,18.1,18.5
2024-08-29,14,10,7.03,14.5,18.1,18.5
2024-08-30,8,5,7.07,14.5,18.1,18.5
2024-08-31,12,8,7.19,14.5,18.1,18.5
2024-09-01,12,8,7.27,14.5,18.1,18.5
2024-09-02,11,8,7.45,14.5,18.1,18.5
2024-09-03,10,6,7.5,14.5,18.1,18.5
2024-09-04,7,4,7.77,14.5,18.1,18.5
2024-09-05,11,9,7.65,14.5,18.1,18.5
2024-09-06,10,7,7.79,14.5,18.1,18.5
2024-09-07,9,6,7.8,14.5,18.1,18.5
2024-09-08,11,8,7.89,14.5,18.1,18.5
2024-09-09,8,5,7.87,14.5,18.1,18.5
2024-09-10,13,9,7.77,14.5,18.1,18.5
2024-09-11,10,8,7.66,14.5,18.1,18.5
2024-09-12,12,8,7.42,14.5,18.1,18.5
2024-09-13,10,6,7.31,14.5,18.1,18.5
2024-09-14,9,6,7.21,14.5,18.1,18.5
2024-09-15,7,4,7.25,14.5,18.1,18.5
2024-09-16,13,9,7.06,14.5,18.1,18.5
2024-09-17,10,6,7.02,14.5,18.1,18.5
2024-09-18,7,3,6.93,14.5,18.1,18.5
2024-09-19,5,4,6.67,14.5,18.1,18.5
2024-09-20,8,6,6.68,14.5,18.1,18.5
2024-09-21,10,8,6.62,14.5,18.1,18.5
2024-09-22,9,7,6.57,14.5,18.1,18.5
2024-09-23,10,8,6.55,14.5,18.1,18.5
2024-09-24,11,9,6.75,14.5,18.1,18.5
2024-09-25,7,5,6.69,14.5,18.1,18.5
2024-09-26,12,8,6.76,14.5,18.1,18.5
2024-09-27,10,6,6.77,14.5,18.1,18.5
2024-09-28,10,8,7.03,14.5,18.1,18.5
2024-09-29,9,6,6.98,14.5,18.1,18.5
2024-09-30,9,5,7.25,14.5,18.1,18.5
2024-10-01,6,5,7.37,14.5,18.1,18.5
2024-10-02,8,4,7.4,14.5,18.1,18.5
2024-10-03,7,5,7.58,14.5,18.1,18.5
2024-10-04,2,2,7.66,14.5,18.1,18.5
2024-10-05,5,3,7.71,14.5,18.1,18.5
2024-10-06,7,4,7.77,14.5,18.1,18.5
2024-10-07,8,5,7.8,14.5,18.1,18.5
2024-10-08,6,2,7.81,14.5,18.1,18.5
2024-10-09,5,4,7.78,14.5,18.1,18.5
2024-10-10,8,5,7.62,14.5,18.1,18.5
2024-10-11,5,4,7.64,14.5,18.1,18.5
2024-10-12,4,3,7.6,14.5,18.1,18.5
2024-10-13,5,4,7.47,14.5,18.1,18.5
2024-10-14,7,6,7.44,14.5,18.1,18.5
2024-10-15,6,4,7.29,14.5,18.1,18.5
2024-10-16,4,2,7.01,14.5,18.1,18.5
2024-10-17,4,4,6.97,14.5,18.1,18.5
2024-10-18,4,3,6.84,14.5,18.1,18.5
2024-10-19,1,1,6.78,14.5,18.1,18.5
2024-10-20,6,5,6.7,14.5,18.1,18.5
2024-10-21,1,1,6.7,14.5,18.1,18.5
2024-10-22,6,5,6.63,14.5,18.1,18.5
2024-10-23,2,3,6.72,14.5,18.1,18.5
2024-10-24,7,6,6.64,14.5,18.1,18.5
2024-10-25,5,2,6.58,14.5,18.1,18.5
2024-10-26,4,2,6.68,14.5,18.1,18.5
2024-10-27,1,2,6.87,14.5,18.1,18.5
2024-10-28,6,3,6.75,14.5,18.1,18.5
2024-10-29,8,5,6.89,14.5,18.1,18.5
2024-10-30,8,5,7.15,14.5,18.1,18.5
2024-10-31,7,4,7.37,14.5,18.1,18.5
2024-11-01,9,8,7.53,14.5,18.1,18.5
2024-11-02,6,4,7.49,14.5,18.1,18.5
2024-11-03,12,7,7.71,14.5,18.1,18.5
2024-11-04,3,3,7.7,14.5,18.1,18.5
2024-11-05,8,6,7.6,14.5,18.1,18.5
2024-11-06,7,4,7.79,14.5,18.1,18.5
2024-11-07,3,2,7.74,14.5,18.1,18.5
2024-11-08,5,4,7.88,14.5,18.1,18.5
2024-11-09,9,7,7.75,14.5,18.1,18.5
2024-11-10,10,7,7.56,14.5,18.1,18.5
2024-11-11,7,6,7.46,14.5,18.1,18.5
2024-11-12,8,7,7.51,14.5,18.1,18.5
2024-11-13,2,1,7.15,14.5,18.1,18.5
2024-11-14,8,6,7.22,14.5,18.1,18.5
2024-11-15,7,5,7.17,14.5,18.1,18.5
2024-11-16,8,5,6.92,14.5,18.1,18.5
2024-11-17,3,4,7.01,14.5,18.1,18.5
2024-11-18,13,11,6.93,14.5,18.1,18.5
2024-11-19,4,3,6.62,14.5,18.1,18.5
2024-11-20,5,4,6.63,14.5,18.1,18.5
2024-11-21,3,3,6.72,14.5,18.1,18.5
2024-11-22,3,3,6.6,14.5,18.1,18.5
2024-11-23,9,4,6.47,14.5,18.1,18.5
2024-11-24,3,2,6.63,14.5,18.1,18.5
2024-11-25,2,1,6.61,14.5,18.1,18.5
2024-11-26,3,3,6.89,14.5,18.1,18.5
2024-11-27,6,4,6.93,14.5,18.1,18.5
2024-11-28,7,5,6.95,14.5,18.1,18.5
2024-11-29,8,4,7.12,14.5,18.1,18.5
2024-11-30,9,7,7.09,14.5,18.1,18.5
2024-12-01,6,6,7.27,14.5,18.1,18.5
2024-12-02,3,2,7.62,14.5,18.1,18.5
2024-12-03,10,5,7.57,14.5,18.1,18.5
2024-12-04,7,5,7.75,14.5,18.1,18.5
2024-12-05,7,5,7.75,14.5,18.1,18.5
2024-12-06,3,4,7.91,14.5,18.1,18.5
2024-12-07,6,3,7.6,14.5,18.1,18.5
2024-12-08,2,1,7.78,14.5,18.1,18.5
2024-12-09,1,1,7.93,14.5,18.1,18.5
2024-12-10,2,3,7.81,14.5,18.1,18.5
2024-12-11,3,2,7.77,14.5,18.1,18.5
2024-12-12,6,4,7.55,14.5,18.1,18.5
2024-12-13,14,9,7.39,14.5,18.1,18.5
2024-12-14,6,3,7.22,14.5,18.1,18.5
2024-12-15,1,1,7.09,14.5,18.1,18.5
2024-12-16,7,4,7.16,14.5,18.1,18.5
2024-12-17,3,2,7.01,14.5,18.1,18.5
2024-12-18,4,5,6.84,14.5,18.1,18.5
2024-12-19,9,6,6.81,14.5,18.1,18.5
2024-12-20,1,1,6.7,14.5,18.1,18.5
2024-12-21,8,6,6.73,14.5,18.1,18.5
2024-12-22,1,1,6.7,14.5,18.1,18.5
2024-12-23,4,4,6.5,14.5,18.1,18.5
2024-12-24,3,4,6.65,14.5,18.1,18.5
2024-12-25,9,6,6.51,14.5,18.1,18.5
2024-12-26,2,1,6.76,14.5,18.1,18.5
2024-12-27,9,6,6.89,14.5,18.1,18.5
2024-12-28,6,4,6.81,14.5,18.1,18.5
2024-12-29,8,6,7.01,14.5,18.1,18.5
2024-12-30,4,4,7.18,14.5,18.1,18.5
2024-12-31,4,2,7.32,14.5,18.1,18.5
2025-01-01,6,5,7.39,14.5,18.1,18.5
2025-01-02,11,8,7.41,14.5,18.1,18.5
2025-01-03,8,5,7.62,14.5,18.1,18.5
2025-01-04,1,1,7.54,14.5,18.1,18.5
2025-01-05,8,5,7.74,14.5,18.1,18.5
2025-01-06,4,2,7.75,14.5,18.1,18.5
2025-01-07,8,6,7.79,14.5,18.1,18.5
2025-01-08,3,1,7.73,14.5,18.1,18.5
2025-01-09,7,5,7.59,14.5,18.1,18.5
2025-01-10,2,1,7.64,14.5,18.1,18.5
2025-01-11,6,4,7.68,14.5,18.1,18.5
2025-01-12,7,5,7.61,14.5,18.1,18.5
2025-01-13,2,2,7.62,14.5,18.1,18.5
2025-01-14,4,2,7.42,14.5,18.1,18.5
2025-01-15,4,2,7.01,14.5,18.1,18.5
2025-01-16,7,4,6.96,14.5,18.1,18.5
2025-01-17,5,4,6.89,14.5,18.1,18.5
2025-01-18,4,2,6.79,14.5,18.1,18.5
2025-01-19,4,1,6.72,14.5,18.1,18.5
2025-01-20,3,1,6.89,14.5,18.1,18.5
2025-01-21,6,6,6.5,14.5,18.1,18.5
2025-01-22,4,3,6.53,14.5,18.1,18.5
2025-01-23,5,4,6.78,14.5,18.1,18.5
2025-01-24,5,3,6.59,14.5,18.1,18.5
2025-01-25,6,4,6.75,14.5,18.1,18.5
2025-01-26,2,1,6.9,14.5,18.1,18.5
2025-01-27,4,4,6.94,14.5,18.1,18.5
2025-01-28,7,5,7.02,14.5,18.1,18.5
2025-01-29,6,3,7.22,14.5,18.1,18.5
2025-01-30,2,2,7.16,14.5,18.1,18.5
2025-01-31,4,1,7.32,14.5,18.1,18.5
2025-02-01,3,2,7.54,14.5,18.1,18.5
2025-02-02,5,2,7.38,14.5,18.1,18.5
2025-02-03,12,9,7.82,14.5,18.1,18.5
2025-02-04,5,2,7.77,14.5,18.1,18.5
2025-02-05,1,1,7.8,14.5,18.1,18.5
2025-02-06,7,5,7.64,14.5,18.1,18.5
2025-02-07,6,6,7.66,14.5,18.1,18.5
2025-02-08,6,2,7.72,14.5,18.1,18.5
2025-02-09,6,5,7.78,14.5,18.1,18.5
2025-02-10,1,1,7.42,14.5,18.1,18.5
2025-02-11,4,2,7.61,14.5,18.1,18.5
2025-02-12,3,3,7.38,14.5,18.1,18.5
2025-02-13,8,6,7.28,14.5,18.1,18.5
2025-02-14,8,6,7.2,14.5,18.1,18.5
2025-02-15,5,3,7.08,14.5,18.1,18.5
2025-02-16,10,6,6.87,14.5,18.1,18.5
2025-02-17,9,7,6.89,14.5,18.1,18.5
2025-02-18,3,4,6.51,14.5,18.1,18.5
2025-02-19,5,3,6.63,14.5,18.1,18.5
2025-02-20,5,1,6.64,14.5,18.1,18.5
2025-02-21,6,4,6.57,14.5,18.1,18.5
2025-02-22,8,5,6.42,14.5,18.1,18.5
2025-02-23,4,3,6.71,14.5,18.1,18.5
2025-02-24,3,3,6.56,14.5,18.1,18.5
2025-02-25,4,2,6.75,14.5,18.1,18.5
2025-02-26,3,3,6.87,14.5,18.1,18.5
2025-02-27,3,1,6.96,14.5,18.1,18.5
2025-02-28,6,5,7.19,14.5,18.1,18.5
2025-03-01,9,8,7.19,14.5,18.1,18.5
2025-03-02,6,3,7.37,14.5,18.1,18.5
2025-03-03,4,2,7.44,14.5,18.1,18.5
2025-03-04,5,4,7.61,14.5,18.1,18.5
2025-03-05,1,1,7.78,14.5,18.1,18.5
2025-03-06,3,1,7.73,14.5,18.1,18.5
2025-03-07,4,4,7.85,14.5,18.1,18.5
2025-03-08,5,4,7.94,14.5,18.1,18.5
2025-03-09,5,6,7.93,14.5,18.1,18.5
2025-03-10,8,6,7.74,14.5,18.1,18.5
2025-03-11,2,1,7.83,14.5,18.1,18.5
2025-03-12,7,5,7.68,14.5,18.1,18.5
2025-03-13,3,2,7.68,14.5,18.1,18.5
2025-03-14,5,3,7.52,14.5,18.1,18.5
2025-03-15,5,4,7.37,14.5,18.1,18.5
2025-03-16,7,4,7.27,14.5,18.1,18.5
2025-03-17,7,5,7.13,14.5,18.1,18.5
2025-03-18,7,3,7.01,14.5,18.1,18.5
2025-03-19,4,2,6.86,14.5,18.1,18.5
2025-03-20,1,1,6.75,14.5,18.1,18.5
2025-03-21,3,1,6.87,14.5,18.1,18.5
2025-03-22,4,3,6.69,14.5,18.1,18.5
2025-03-23,4,1,6.55,14.5,18.1,18.5
2025-03-24,3,3,6.57,14.5,18.1,18.5
2025-03-25,7,4,6.72,14.5,18.1,18.5
2025-03-26,7,5,6.59,14.5,18.1,18.5
2025-03-27,4,3,6.58,14.5,18.1,18.5
2025-03-28,6,6,6.67,14.5,18.1,18.5
2025-03-29,9,6,6.74,14.5,18.1,18.5
2025-03-30,5,1,6.9,14.5,18.1,18.5
2025-03-31,6,5,7.03,14.5,18.1,18.5
2025-04-01,4,2,7.41,14.5,18.1,18.5
2025-04-02,3,2,7.39,14.5,18.1,18.5
2025-04-03,4,3,7.47,14.5,18.1,18.5
2025-04-04,9,4,7.46,14.5,18.1,18.5
2025-04-05,1,1,7.67,14.5,18.1,18.5
2025-04-06,10,7,7.58,14.5,18.1,18.5
2025-04-07,3,3,7.75,14.5,18.1,18.5
2025-04-08,5,4,8.01,14.5,18.1,18.5
2025-04-09,8,4,7.85,14.5,18.1,18.5
2025-04-10,3,3,7.73,14.5,18.1,18.5
2025-04-11,5,4,7.76,14.5,18.1,18.5
2025-04-12,10,6,7.55,14.5,18.1,18.5
2025-04-13,5,4,7.43,14.5,18.1,18.5
2025-04-14,3,3,7.57,14.5,18.1,18.5
2025-04-15,4,2,7.16,14.5,18.1,18.5
2025-04-16,6,6,7.12,14.5,18.1,18.5
2025-04-17,4,1,7.06,14.5,18.1,18.5
2025-04-18,1,1,6.82,14.5,18.1,18.5
2025-04-19,2,1,6.88,14.5,18.1,18.5
2025-04-20,1,2,6.7,14.5,18.1,18.5
2025-04-21,11,7,6.73,14.5,18.1,18.5
2025-04-22,6,3,6.68,14.5,18.1,18.5
2025-04-23,7,5,6.58,14.5,18.1,18.5
2025-04-24,9,7,6.78,14.5,18.1,18.5
2025-04-25,3,3,6.57,14.5,18.1,18.5
2025-04-26,7,4,6.83,14.5,18.1,18.5
2025-04-27,2,2,6.89,14.5,18.1,18.5
2025-04-28,1,1,7.05,14.5,18.1,18.5
2025-04-29,6,6,7.0,14.5,18.1,18.5
2025-04-30,5,4,7.02,14.5,18.1,18.5
2025-05-01,6,5,7.43,14.5,18.1,18.5
2025-05-02,5,4,7.31,14.5,18.1,18.5
2025-05-03,8,6,7.38,14.5,18.1,18.5
2025-05-04,9,5,7.55,14.5,18.1,18.5
2025-05-05,7,5,7.56,14.5,18.1,18.5
2025-05-06,1,1,7.78,14.5,18.1,18.5
2025-05-07,4,4,7.71,14.5,18.1,18.5
2025-05-08,6,5,7.77,14.5,18.1,18.5
2025-05-09,4,3,7.89,14.5,18.1,18.5
2025-05-10,8,4,7.83,14.5,18.1,18.5
2025-05-11,6,4,7.72,14.5,18.1,18.5
2025-05-12,6,4,7.66,14.5,18.1,18.5
2025-05-13,1,1,7.55,14.5,18.1,18.5
2025-05-14,2,1,7.4,14.5,18.1,18.5
2025-05-15,9,6,7.32,14.5,18.1,18.5
2025-05-16,7,5,7.25,14.5,18.1,18.5
2025-05-17,9,6,7.06,14.5,18.1,18.5
2025-05-18,3,3,7.0,14.5,18.1,18.5
2025-05-19,6,2,6.77,14.5,18.1,18.5
2025-05-20,9,6,6.7,14.5,18.1,18.5
2025-05-21,4,3,6.61,14.5,18.1,18.5
2025-05-22,1,1,6.58,14.5,18.1,18.5
2025-05-23,6,6,6.73,14.5,18.1,18.5
2025-05-24,2,2,6.67,14.5,18.1,18.5
2025-05-25,4,2,6.52,14.5,18.1,18.5
2025-05-26,6,7,6.72,14.5,18.1,18.5
2025-05-27,5,5,6.7,14.5,18.1,18.5
2025-05-28,7,4,6.76,14.5,18.1,18.5
2025-05-29,6,5,6.79,14.5,18.1,18.5
2025-05-30,6,4,7.15,14.5,18.1,18.5
2025-05-31,9,6,7.04,14.5,18.1,18.5
2025-06-01,12,7,7.29,14.5,18.1,18.5
2025-06-02,10,8,7.32,14.5,18.1,18.5
2025-06-03,14,9,7.61,14.5,18.1,18.5
2025-06-04,13,9,7.59,14.5,18.1,18.5
2025-06-05,7,4,7.69,14.5,18.1,18.5
2025-06-06,12,8,7.75,14.5,18.1,18.5
2025-06-07,9,6,7.82,14.5,18.1,18.5
2025-06-08,11,8,7.8,14.5,18.1,18.5
2025-06-09,9,4,7.78,14.5,18.1,18.5
2025-06-10,8,5,7.69,14.5,18.1,18.5
2025-06-11,11,7,7.52,14.5,18.1,18.5
2025-06-12,11,9,7.48,14.5,18.1,18.5
2025-06-13,12,11,7.56,14.5,18.1,18.5
2025-06-14,11,7,7.34,14.5,18.1,18.5
2025-06-15,10,5,7.18,14.5,18.1,18.5
2025-06-16,9,6,6.99,14.5,18.1,18.5
2025-06-17,10,7,6.83,14.5,18.1,18.5
2025-06-18,11,10,6.82,14.5,18.1,18.5
2025-06-19,7,6,6.88,14.5,18.1,18.5
2025-06-20,8,7,6.66,14.5,18.1,18.5
2025-06-21,9,6,6.69,14.5,18.1,18.5
2025-06-22,9,7,6.55,14.5,18.1,18.5
2025-06-23,8,6,6.66,14.5,18.1,18.5
2025-06-24,10,7,6.58,14.5,18.1,18.5
2025-06-25,9,5,6.53,14.5,18.1,18.5
2025-06-26,10,8,6.68,14.5,18.1,18.5
2025-06-27,5,4,6.98,14.5,18.1,18.5
2025-06-28,8,6,7.07,14.5,18.1,18.5
2025-06-29,13,9,7.05,14.5,18.1,18.5
2025-06-30,10,6,7.11,14.5,18.1,18.5
2025-07-01,9,6,7.28,14.5,18.1,18.5
2025-07-02,10,5,7.4,14.5,18.1,18.5
2025-07-03,11,8,7.48,14.5,18.1,18.5
2025-07-04,10,6,7.63,14.5,18.1,18.5
2025-07-05,8,3,7.69,14.5,18.1,18.5
2025-07-06,9,8,7.71,14.5,18.1,18.5
2025-07-07,11,7,7.66,14.5,18.1,18.5
2025-07-08,7,4,7.75,14.5,18.1,18.5
2025-07-09,9,7,7.87,14.5,18.1,18.5
2025-07-10,8,7,7.76,14.5,18.1,18.5
2025-07-11,12,7,7.73,14.5,18.1,18.5
2025-07-12,9,5,7.6,14.5,18.1,18.5
2025-07-13,9,6,7.42,14.5,18.1,18.5
2025-07-14,9,7,7.39,14.5,18.1,18.5
2025-07-15,9,8,7.2,14.5,18.1,18.5
2025-07-16,6,3,7.07,14.5,18.1,18.5
2025-07-17,8,7,7.17,14.5,18.1,18.5
2025-07-18,8,5,6.89,14.5,18.1,18.5
2025-07-19,9,7,6.76,14.5,18.1,18.5
2025-07-20,7,3,6.9,14.5,18.1,18.5
2025-07-21,12,8,6.75,14.5,18.1,18.5
2025-07-22,4,2,6.59,14.5,18.1,18.5
2025-07-23,8,6,6.64,14.5,18.1,18.5
2025-07-24,12,9,6.58,14.5,18.1,18.5
2025-07-25,11,7,6.56,14.5,18.1,18.5
2025-07-26,8,4,6.73,14.5,18.1,18.5
2025-07-27,11,8,6.73,14.5,18.1,18.5
2025-07-28,12,9,6.86,14.5,18.1,18.5
2025-07-29,8,6,7.06,14.5,18.1,18.5
2025-07-30,7,6,7.17,14.5,18.1,18.5
2025-07-31,11,8,7.14,14.5,18.1,18.5
2025-08-01,9,7,7.37,14.5,18.1,18.5
2025-08-02,10,6,7.33,14.5,18.1,18.5
2025-08-03,12,7,7.59,14.5,18.1,18.5
2025-08-04,6,4,7.66,14.5,18.1,18.5
2025-08-05,12,10,7.75,14.5,18.1,18.5
2025-08-06,10,7,7.74,14.5,18.1,18.5
2025-08-07,10,7,8.0,14.5,18.1,18.5
2025-08-08,13,9,7.71,14.5,18.1,18.5
2025-08-09,14,8,7.87,14.5,18.1,18.5
2025-08-10,8,7,7.62,14.5,18.1,18.5
2025-08-11,7,6,7.71,14.5,18.1,18.5
2025-08-12,13,9,7.63,14.5,18.1,18.5
2025-08-13,13,7,7.47,14.5,18.1,18.5
2025-08-14,13,10,7.3,14.5,18.1,18.5
2025-08-15,10,7,7.24,14.5,18.1,18.5
2025-08-16,12,7,7.13,14.5,18.1,18.5
2025-08-17,6,3,7.16,14.5,18.1,18.5
2025-08-18,9,5,6.78,14.5,18.1,18.5
2025-08-19,8,4,6.72,14.5,18.1,18.5
2025-08-20,8,6,6.73,14.5,18.1,18.5
2025-08-21,12,8,6.62,14.5,18.1,18.5
2025-08-22,11,8,6.6,14.5,18.1,18.5
2025-08-23,8,7,6.71,14.5,18.1,18.5
2025-08-24,10,7,6.34,14.5,18.1,18.5
2025-08-25,6,2,6.6,14.5,18.1,18.5
2025-08-26,10,7,6.55,14.5,18.1,18.5
2025-08-27,8,7,6.69,14.5,18.1,18.5
2025-08-28,10,7,7.15,14.5,18.1,18.5
2025-08-29,13,11,7.09,14.5,18.1,18.5
2025-08-30,7,6,7.25,14.5,18.1,18.5
2025-08-31,9,4,7.27,14.5,18.1,18.5
2025-09-01,10,7,7.47,14.5,18.1,18.5
2025-09-02,5,3,7.33,14.5,18.1,18.5
2025-09-03,8,7,7.71,14.5,18.1,18.5
2025-09-04,9,8,7.61,14.5,18.1,18.5
2025-09-05,15,11,7.7,14.5,18.1,18.5
2025-09-06,7,6,7.84,14.5,18.1,18.5
2025-09-07,9,7,7.83,14.5,18.1,18.5
2025-09-08,10,7,7.8,14.5,18.1,18.5
2025-09-09,12,7,7.61,14.5,18.1,18.5
2025-09-10,13,9,7.7,14.5,18.1,18.5
2025-09-11,10,8,7.7,14.5,18.1,18.5
2025-09-12,7,4,7.45,14.5,18.1,18.5
2025-09-13,5,5,7.53,14.5,18.1,18.5
2025-09-14,7,6,7.19,14.5,18.1,18.5
2025-09-15,7,4,7.15,14.5,18.1,18.5
2025-09-16,8,7,7.18,14.5,18.1,18.5
2025-09-17,7,5,6.85,14.5,18.1,18.5
2025-09-18,8,5,6.92,14.5,18.1,18.5
2025-09-19,11,9,6.92,14.5,18.1,18.5
2025-09-20,12,8,6.68,14.5,18.1,18.5
2025-09-21,12,10,6.57,14.5,18.1,18.5
2025-09-22,12,8,6.52,14.5,18.1,18.5
2025-09-23,6,3,6.74,14.5,18.1,18.5
2025-09-24,9,6,6.77,14.5,18.1,18.5
2025-09-25,9,7,6.84,14.5,18.1,18.5
2025-09-26,11,7,6.77,14.5,18.1,18.5
2025-09-27,14,9,6.98,14.5,18.1,18.5
2025-09-28,3,3,6.98,14.5,18.1,18.5
2025-09-29,9,5,7.01,14.5,18.1,18.5
2025-09-30,11,8,7.34,14.5,18.1,18.5
2025-10-01,5,3,7.51,14.5,18.1,18.5
2025-10-02,5,4,7.36,14.5,18.1,18.5
2025-10-03,4,2,7.46,14.5,18.1,18.5
2025-10-04,5,5,7.66,14.5,18.1,18.5
2025-10-05,9,6,7.82,14.5,18.1,18.5
2025-10-06,7,6,7.66,14.5,18.1,18.5
2025-10-07,3,3,7.82,14.5,18.1,18.5
2025-10-08,4,1,7.74,14.5,18.1,18.5
2025-10-09,9,7,7.84,14.5,18.1,18.5
2025-10-10,7,4,7.64,14.5,18.1,18.5
2025-10-11,8,4,7.72,14.5,18.1,18.5
2025-10-12,3,4,7.53,14.5,18.1,18.5
2025-10-13,4,4,7.35,14.5,18.1,18.5
2025-10-14,4,5,7.33,14.5,18.1,18.5
2025-10-15,2,1,7.01,14.5,18.1,18.5
2025-10-16,5,3,7.02,14.5,18.1,18.5
2025-10-17,6,5,6.99,14.5,18.1,18.5
2025-10-18,4,3,6.67,14.5,18.1,18.5
2025-10-19,2,1,6.5,14.5,18.1,18.5
2025-10-20,4,2,6.45,14.5,18.1,18.5
2025-10-21,3,2,6.77,14.5,18.1,18.5
2025-10-22,10,6,6.6,14.5,18.1,18.5
2025-10-23,1,1,6.55,14.5,18.1,18.5
2025-10-24,8,6,6.72,14.5,18.1,18.5
2025-10-25,7,5,6.63,14.5,18.1,18.5
2025-10-26,6,5,6.77,14.5,18.1,18.5
2025-10-27,5,3,6.83,14.5,18.1,18.5
2025-10-28,10,6,6.89,14.5,18.1,18.5
2025-10-29,2,2,7.08,14.5,18.1,18.5
2025-10-30,3,1,7.25,14.5,18.1,18.5
2025-10-31,7,4,7.28,14.5,18.1,18.5
2025-11-01,5,3,7.37,14.5,18.1,18.5
2025-11-02,1,1,7.49,14.5,18.1,18.5
2025-11-03,6,6,7.39,14.5,18.1,18.5
2025-11-04,6,3,7.73,14.5,18.1,18.5
2025-11-05,6,5,7.64,14.5,18.1,18.5
2025-11-06,4,3,7.85,14.5,18.1,18.5
2025-11-07,6,6,7.79,14.5,18.1,18.5
2025-11-08,5,6,7.79,14.5,18.1,18.5
2025-11-09,1,2,7.81,14.5,18.1,18.5
2025-11-10,8,7,7.58,14.5,18.1,18.5
2025-11-11,3,1,7.62,14.5,18.1,18.5
2025-11-12,5,3,7.51,14.5,18.1,18.5
2025-11-13,10,7,7.35,14.5,18.1,18.5
2025-11-14,5,2,7.16,14.5,18.1,18.5
2025-11-15,8,6,7.19,14.5,18.1,18.5
2025-11-16,6,2,7.08,14.5,18.1,18.5
2025-11-17,2,3,6.9,14.5,18.1,18.5
2025-11-18,8,5,6.69,14.5,18.1,18.5
2025-11-19,2,2,6.66,14.5,18.1,18.5
2025-11-20,2,1,6.64,14.5,18.1,18.5
2025-11-21,6,2,6.68,14.5,18.1,18.5
2025-11-22,5,5,6.44,14.5,18.1,18.5
2025-11-23,7,6,6.56,14.5,18.1,18.5
2025-11-24,7,4,6.61,14.5,18.1,18.5
2025-11-25,5,4,6.7,14.5,18.1,18.5
2025-11-26,4,2,6.66,14.5,18.1,18.5
2025-11-27,1,1,6.87,14.5,18.1,18.5
2025-11-28,6,5,6.97,14.5,18.1,18.5
2025-11-29,3,2,7.02,14.5,18.1,18.5
2025-11-30,3,3,7.24,14.5,18.1,18.5
2025-12-01,6,5,7.32,14.5,18.1,18.5
2025-12-02,2,1,7.54,14.5,18.1,18.5
2025-12-03,8,5,7.5,14.5,18.1,18.5
2025-12-04,4,2,7.68,14.5,18.1,18.5
2025-12-05,7,6,7.66,14.5,18.1,18.5
2025-12-06,3,1,7.72,14.5,18.1,18.5
2025-12-07,4,4,7.83,14.5,18.1,18.5
2025-12-08,4,3,7.82,14.5,18.1,18.5
2025-12-09,6,3,7.72,14.5,18.1,18.5
2025-12-10,4,2,7.68,14.5,18.1,18.5
2025-12-11,6,5,7.48,14.5,18.1,18.5
2025-12-12,4,3,7.67,14.5,18.1,18.5
2025-12-13,3,4,7.49,14.5,18.1,18.5
2025-12-14,3,1,7.36,14.5,18.1,18.5
2025-12-15,5,3,7.02,14.5,18.1,18.5
2025-12-16,4,3,6.99,14.5,18.1,18.5
2025-12-17,4,2,6.9,14.5,18.1,18.5
2025-12-18,4,3,6.64,14.5,18.1,18.5
2025-12-19,3,2,6.83,14.5,18.1,18.5
2025-12-20,2,2,6.82,14.5,18.1,18.5
2025-12-21,6,6,6.83,14.5,18.1,18.5
2025-12-22,7,4,6.5,14.5,18.1,18.5
2025-12-23,7,5,6.62,14.5,18.1,18.5
2025-12-24,4,2,6.76,14.5,18.1,18.5
2025-12-25,2,2,6.66,14.5,18.1,18.5
2025-12-26,6,5,6.7,14.5,18.1,18.5
2025-12-27,5,2,6.66,14.5,18.1,18.5
2025-12-28,2,1,7.07,14.5,18.1,18.5
2025-12-29,6,5,7.07,14.5,18.1,18.5
2025-12-30,7,5,7.13,14.5,18.1,18.5
